城市,2000,2001,2002,2003,2004,2005,2006,2007,2008,2009,2010,2011,2012,2013,2014,2015,2016,2017,2018,2019,2020,2021,2022,2023,2024,2025,2026,2027,2028,2029,2030
七台河市,,,,,,,,,,,,,,,,3,6,7,13,18,26,46,70,92,114,136,158,180,202,224,246
三亚市,5.0,5.0,6.0,7.0,7.0,8.0,12.0,15.0,18.0,27.0,32.0,40.0,54.0,72.0,111.0,151,199,260,416,667,1941,4039,10187,12240,16197,19792,23387,26982,30577,34172,37767
三明市,4.0,4.0,5.0,6.0,8.0,12.0,13.0,14.0,14.0,19.0,26.0,34.0,45.0,60.0,77.0,104,147,178,287,398,594,849,1145,1459,1773,2087,2401,2715,3029,3343,3657
三门峡市,1.0,2.0,2.0,2.0,3.0,4.0,4.0,5.0,5.0,9.0,10.0,11.0,13.0,15.0,20.0,22,30,39,61,89,141,288,420,557,694,831,968,1105,1242,1379,1516
上海市,304.0,394.0,513.0,692.0,907.0,1119.0,1313.0,1499.0,1685.0,2004.0,2411.0,2919.0,3420.0,4059.0,5080.0,6249,7546,8966,11202,13811,22351,37339,51658,72082,92412,112773,133133,153494,173854,194215,214575
上饶市,2.0,2.0,2.0,3.0,3.0,7.0,8.0,12.0,17.0,20.0,26.0,32.0,44.0,57.0,91.0,132,163,225,287,371,833,1275,1702,2297,2890,3483,4076,4669,5262,5855,6448
东莞市,21.0,29.0,40.0,47.0,60.0,85.0,108.0,142.0,190.0,231.0,306.0,381.0,473.0,573.0,731.0,909,1182,1571,2141,2781,3672,6125,8625,11311,13994,16679,19363,22048,24732,27417,30101
东营市,5.0,11.0,17.0,23.0,29.0,34.0,41.0,47.0,53.0,63.0,72.0,92.0,107.0,127.0,185.0,253,345,439,549,695,953,1499,2105,2665,3225,3785,4345,4905,5465,6025,6585
中卫市,1.0,1.0,1.0,2.0,2.0,2.0,3.0,3.0,3.0,4.0,5.0,5.0,7.0,9.0,12.0,15,20,29,36,41,74,128,162,198,234,270,306,342,378,414,450
中山市,10.0,13.0,18.0,26.0,33.0,44.0,49.0,58.0,73.0,92.0,107.0,133.0,157.0,193.0,256.0,329,426,575,769,1013,1546,2657,3753,4894,6034,7175,8315,9456,10597,11737,12878
临汾市,3.0,4.0,6.0,7.0,8.0,9.0,9.0,10.0,13.0,14.0,18.0,21.0,24.0,32.0,43.0,68,93,115,153,201,279,537,810,1074,1338,1602,1866,2130,2394,2659,2923
临沂市,12.0,17.0,22.0,28.0,38.0,49.0,58.0,63.0,74.0,85.0,97.0,115.0,142.0,171.0,259.0,399,550,753,1053,1497,2565,4731,6572,8144,9719,11292,12865,14438,16012,17585,19158
临沧市,,,1.0,1.0,2.0,2.0,2.0,2.0,2.0,2.0,5.0,5.0,6.0,12.0,21.0,27,35,45,56,68,79,111,168,239,310,381,452,523,594,665,736
丹东市,7.0,7.0,11.0,13.0,15.0,17.0,17.0,19.0,20.0,24.0,28.0,34.0,40.0,47.0,55.0,69,75,92,115,139,216,326,381,470,552,634,716,798,880,962,1044
丽水市,6.0,6.0,8.0,11.0,15.0,17.0,18.0,19.0,21.0,27.0,39.0,45.0,53.0,65.0,77.0,99,126,176,235,311,597,907,1195,1484,1773,2062,2350,2639,2928,3217,3506
丽江市,2.0,2.0,2.0,3.0,5.0,5.0,6.0,6.0,6.0,6.0,8.0,8.0,10.0,12.0,14.0,21,29,40,55,63,85,134,198,284,370,456,542,628,714,800,886
乌兰察布市,,,1.0,1.0,1.0,2.0,2.0,2.0,3.0,3.0,4.0,6.0,7.0,10.0,14.0,17,29,48,75,104,125,190,261,376,488,601,714,827,940,1053,1166
乌海市,1.0,1.0,1.0,1.0,1.0,1.0,2.0,5.0,7.0,9.0,12.0,13.0,14.0,15.0,19.0,21,26,31,43,52,62,104,143,208,269,331,393,456,518,580,642
乌鲁木齐市,34.0,43.0,55.0,71.0,93.0,121.0,154.0,180.0,206.0,239.0,266.0,311.0,380.0,457.0,576.0,700,880,1063,1280,1591,2541,3878,4976,6656,8336,10016,11696,13376,15056,16736,18416
乐山市,2.0,3.0,3.0,3.0,4.0,4.0,4.0,5.0,5.0,6.0,7.0,7.0,10.0,17.0,21.0,37,42,58,79,107,142,230,326,465,604,743,882,1021,1160,1299,1438
九江市,3.0,4.0,5.0,9.0,10.0,11.0,12.0,13.0,18.0,24.0,30.0,42.0,49.0,59.0,88.0,121,168,221,279,381,803,1651,3077,4027,4987,5945,6902,7860,8817,9775,10733
云浮市,,,,1.0,1.0,1.0,1.0,1.0,1.0,3.0,5.0,6.0,9.0,9.0,12.0,15,19,29,41,55,84,166,214,286,352,419,487,554,622,689,757
亳州市,,,,,,1.0,1.0,2.0,2.0,3.0,5.0,8.0,10.0,15.0,21.0,28,47,66,97,129,170,422,854,1089,1328,1566,1804,2041,2279,2517,2755
伊春市,,1.0,1.0,1.0,1.0,1.0,1.0,1.0,1.0,1.0,1.0,1.0,1.0,1.0,1.0,1,3,3,5,14,19,30,59,86,113,140,167,194,221,248,275
佛山市,45.0,51.0,61.0,79.0,108.0,125.0,152.0,178.0,198.0,242.0,298.0,364.0,433.0,537.0,691.0,850,1086,1401,1894,2528,3796,6666,8764,11657,14387,17161,19935,22709,25483,28257,31031
佳木斯市,1.0,1.0,1.0,2.0,3.0,4.0,5.0,6.0,7.0,8.0,10.0,11.0,12.0,13.0,14.0,17,26,35,42,49,71,126,216,349,482,615,748,881,1014,1147,1280
保定市,8.0,10.0,13.0,15.0,19.0,21.0,25.0,30.0,37.0,45.0,56.0,60.0,70.0,83.0,114.0,156,220,300,507,742,948,1202,1840,3459,5065,6676,8287,9898,11509,13121,14732
保山市,,1.0,1.0,1.0,1.0,1.0,1.0,1.0,1.0,2.0,3.0,4.0,6.0,8.0,10.0,16,21,31,43,56,75,105,176,284,392,500,608,716,824,932,1040
信阳市,1.0,1.0,1.0,1.0,1.0,1.0,5.0,6.0,9.0,13.0,15.0,23.0,27.0,35.0,43.0,66,93,129,184,277,408,707,978,1303,1625,1948,2271,2594,2917,3241,3564
儋州市,,,,,,,,1.0,1.0,2.0,3.0,5.0,7.0,9.0,14.0,19,31,47,81,121,393,1084,2489,2668,3216,3760,4305,4850,5394,5939,6484
克拉玛依市,2.0,5.0,5.0,7.0,8.0,10.0,12.0,13.0,13.0,13.0,16.0,20.0,25.0,28.0,37.0,45,51,58,69,79,115,179,227,283,339,395,451,507,563,619,675
六安市,1.0,2.0,2.0,2.0,4.0,6.0,8.0,10.0,12.0,13.0,20.0,22.0,26.0,37.0,49.0,63,86,125,171,237,336,675,1326,1846,2369,2891,3413,3936,4458,4980,5502
六盘水市,,,,1.0,1.0,1.0,1.0,2.0,2.0,4.0,4.0,5.0,8.0,10.0,16.0,19,27,45,72,101,152,251,450,697,944,1191,1438,1685,1932,2179,2426
兰州市,43.0,55.0,67.0,83.0,112.0,131.0,169.0,201.0,238.0,288.0,353.0,416.0,482.0,540.0,690.0,847,1051,1276,1577,1925,2267,3292,4327,5959,7483,9044,10605,12166,13727,15288,16849
内江市,3.0,4.0,5.0,8.0,8.0,9.0,9.0,10.0,13.0,15.0,16.0,18.0,20.0,27.0,30.0,38,46,68,91,122,161,236,344,455,566,677,788,899,1010,1121,1232
包头市,3.0,7.0,10.0,13.0,16.0,19.0,25.0,31.0,35.0,44.0,54.0,64.0,75.0,93.0,130.0,171,217,267,341,421,527,767,1080,1425,1770,2115,2460,2805,3150,3495,3840
北京市,519.0,701.0,963.0,1278.0,1652.0,2082.0,2505.0,2975.0,3486.0,4199.0,4899.0,5690.0,6552.0,7591.0,9591.0,12100,15054,18313,21833,26634,32541,42123,69851,103656,137458,171286,205114,238941,272769,306597,340424
北海市,4.0,5.0,6.0,7.0,9.0,10.0,12.0,13.0,15.0,18.0,22.0,25.0,32.0,38.0,46.0,62,81,104,144,202,352,608,796,947,1098,1249,1401,1552,1703,1854,2005
十堰市,5.0,8.0,11.0,13.0,18.0,22.0,23.0,28.0,37.0,43.0,48.0,59.0,68.0,80.0,115.0,140,188,230,291,373,467,827,1164,1593,2013,2436,2859,3282,3705,4128,4551
南京市,103.0,143.0,190.0,250.0,319.0,386.0,468.0,556.0,660.0,777.0,951.0,1153.0,1349.0,1589.0,2030.0,2538,3223,4161,5412,7181,13865,21164,25945,32418,38793,45182,51571,57959,64348,70737,77125
南充市,2.0,6.0,10.0,12.0,12.0,12.0,13.0,15.0,17.0,24.0,27.0,33.0,42.0,52.0,69.0,96,140,173,227,341,495,716,974,1229,1484,1739,1994,2249,2504,2759,3014
南宁市,30.0,45.0,55.0,69.0,93.0,122.0,153.0,198.0,243.0,302.0,377.0,476.0,588.0,751.0,1039.0,1378,1800,2235,2778,3505,5324,8467,11833,14507,17193,19875,22557,25239,27921,30603,33285
南平市,1.0,1.0,3.0,3.0,7.0,7.0,8.0,9.0,12.0,15.0,19.0,27.0,34.0,46.0,62.0,80,103,136,173,216,330,507,709,957,1205,1453,1701,1949,2197,2445,2693
南昌市,28.0,30.0,42.0,52.0,64.0,75.0,91.0,116.0,134.0,167.0,208.0,256.0,315.0,388.0,524.0,688,904,1132,1442,1837,3145,5051,7147,8843,10539,12235,13931,15627,17323,19019,20715
南通市,13.0,15.0,21.0,31.0,41.0,53.0,62.0,75.0,85.0,103.0,140.0,169.0,193.0,222.0,284.0,354,441,566,736,940,1926,3054,4128,5549,6965,8382,9799,11216,12634,14051,15468
南阳市,2.0,3.0,4.0,7.0,12.0,17.0,18.0,24.0,27.0,28.0,37.0,46.0,55.0,69.0,105.0,158,219,284,381,498,710,1279,1847,2686,3522,4359,5195,6032,6869,7706,8543
厦门市,108.0,135.0,170.0,213.0,260.0,316.0,410.0,494.0,590.0,711.0,896.0,1103.0,1323.0,1639.0,2222.0,3031,3844,4781,5835,7123,10951,16970,21657,25874,30092,34307,38523,42739,46954,51170,55386
双鸭山市,1.0,1.0,1.0,1.0,1.0,1.0,1.0,1.0,1.0,1.0,1.0,1.0,2.0,3.0,3.0,4,6,7,10,12,19,29,52,95,138,181,224,267,310,353,396
台州市,14.0,18.0,22.0,25.0,32.0,35.0,42.0,47.0,51.0,54.0,71.0,86.0,98.0,123.0,164.0,201,257,322,438,578,1283,1947,2472,3095,3705,4316,4927,5538,6149,6759,7370
合肥市,41.0,54.0,70.0,92.0,122.0,162.0,201.0,251.0,304.0,386.0,472.0,595.0,727.0,918.0,1298.0,1695,2291,3107,4190,5808,8461,14657,20324,26012,31698,37383,43069,48755,54440,60126,65811
吉安市,2.0,2.0,2.0,2.0,2.0,3.0,6.0,6.0,6.0,12.0,15.0,25.0,31.0,40.0,56.0,78,109,144,185,264,605,963,1289,1650,2011,2372,2733,3094,3455,3816,4177
吉林市,7.0,9.0,11.0,12.0,16.0,19.0,25.0,29.0,31.0,37.0,49.0,56.0,69.0,87.0,103.0,125,174,221,278,329,397,619,822,1066,1307,1548,1790,2032,2273,2515,2757
吕梁市,,1.0,1.0,1.0,2.0,3.0,5.0,5.0,5.0,6.0,9.0,12.0,16.0,18.0,29.0,42,52,78,98,119,166,349,510,653,796,939,1082,1225,1368,1511,1654
吴忠市,,,1.0,1.0,2.0,2.0,3.0,5.0,5.0,5.0,7.0,7.0,10.0,11.0,16.0,26,34,49,60,75,107,169,248,299,350,401,452,503,554,605,656
周口市,,1.0,3.0,3.0,3.0,3.0,3.0,3.0,6.0,6.0,9.0,10.0,12.0,21.0,42.0,64,101,122,177,234,370,769,1122,1662,2182,2709,3236,3762,4289,4816,5342
呼伦贝尔市,1.0,1.0,2.0,2.0,2.0,2.0,3.0,3.0,4.0,7.0,10.0,15.0,15.0,16.0,22.0,36,46,60,80,101,128,212,323,427,531,635,739,843,947,1051,1155
呼和浩特市,11.0,15.0,20.0,25.0,35.0,43.0,54.0,63.0,75.0,91.0,100.0,118.0,147.0,181.0,281.0,382,501,656,801,984,1251,1965,2892,3929,4966,6003,7040,8077,9113,10150,11187
咸宁市,1.0,1.0,2.0,2.0,3.0,5.0,5.0,8.0,9.0,12.0,15.0,23.0,28.0,30.0,48.0,64,87,114,152,191,247,505,754,1074,1390,1708,2025,2343,2660,2977,3295
咸阳市,6.0,7.0,8.0,10.0,13.0,13.0,16.0,18.0,24.0,29.0,39.0,46.0,52.0,62.0,93.0,122,164,233,312,419,664,1033,1803,4524,7218,9921,12625,15328,18032,20735,23439
哈尔滨市,40.0,46.0,55.0,66.0,79.0,91.0,99.0,122.0,142.0,167.0,204.0,239.0,276.0,331.0,433.0,550,697,891,1140,1541,2336,3512,4903,6398,7893,9388,10883,12378,13873,15368,16863
唐山市,8.0,12.0,15.0,22.0,28.0,32.0,36.0,45.0,55.0,69.0,80.0,92.0,108.0,123.0,164.0,211,267,329,422,562,701,876,1213,1855,2493,3133,3773,4412,5052,5692,6332
商丘市,,,1.0,1.0,1.0,1.0,2.0,3.0,4.0,8.0,11.0,12.0,18.0,21.0,30.0,39,55,72,112,157,247,568,844,1246,1631,2022,2412,2803,3194,3584,3975
商洛市,,,,,1.0,2.0,2.0,3.0,3.0,3.0,3.0,3.0,3.0,3.0,6.0,13,19,29,36,48,91,146,201,275,349,423,497,571,645,719,793
嘉兴市,26.0,31.0,39.0,46.0,50.0,58.0,73.0,86.0,98.0,120.0,142.0,178.0,205.0,253.0,327.0,422,549,751,955,1264,2341,3369,4253,5134,6015,6896,7777,8658,9539,10420,11301
嘉峪关市,,,,,,,,,,1.0,2.0,6.0,8.0,10.0,15.0,21,31,48,56,70,88,127,167,219,271,323,374,426,478,530,582
四平市,2.0,2.0,2.0,3.0,3.0,3.0,3.0,4.0,5.0,6.0,6.0,7.0,7.0,12.0,17.0,22,32,37,50,63,88,140,209,261,313,365,417,469,521,573,625
固原市,1.0,1.0,1.0,1.0,1.0,2.0,2.0,5.0,6.0,6.0,7.0,8.0,10.0,12.0,18.0,29,43,55,66,86,113,167,227,279,331,383,435,487,539,591,643
大同市,4.0,5.0,6.0,6.0,6.0,6.0,7.0,8.0,10.0,10.0,15.0,17.0,21.0,25.0,35.0,42,52,72,98,146,208,379,557,714,871,1028,1185,1342,1499,1656,1813
大庆市,6.0,8.0,9.0,11.0,13.0,15.0,18.0,24.0,28.0,35.0,42.0,49.0,54.0,61.0,77.0,98,126,161,204,266,324,454,676,946,1215,1485,1755,2025,2295,2564,2834
大连市,26.0,33.0,45.0,63.0,83.0,105.0,124.0,154.0,196.0,239.0,294.0,350.0,414.0,491.0,617.0,778,981,1214,1526,1938,3012,4733,6434,8033,9634,11233,12833,14433,16033,17633,19233
天水市,2.0,2.0,2.0,4.0,5.0,9.0,9.0,9.0,11.0,15.0,18.0,21.0,30.0,37.0,46.0,60,78,95,117,140,176,271,387,502,617,732,847,962,1077,1192,1307
天津市,101.0,136.0,173.0,215.0,268.0,315.0,387.0,459.0,540.0,654.0,765.0,929.0,1095.0,1343.0,1779.0,2365,3085,4045,5243,6838,12162,16934,21438,26876,32113,37397,42681,47965,53249,58532,63816
太原市,41.0,46.0,57.0,77.0,91.0,115.0,133.0,162.0,192.0,221.0,268.0,316.0,392.0,468.0,589.0,757,963,1220,1533,2124,2999,5411,7746,10171,12595,15019,17443,19867,22291,24715,27139
威海市,7.0,9.0,10.0,14.0,19.0,19.0,23.0,30.0,33.0,43.0,53.0,64.0,84.0,105.0,149.0,194,264,344,450,597,917,1600,2112,2680,3246,3812,4378,4945,5511,6077,6643
娄底市,1.0,1.0,3.0,6.0,7.0,10.0,12.0,14.0,16.0,18.0,24.0,29.0,31.0,38.0,46.0,52,69,98,131,165,212,288,520,751,982,1213,1444,1675,1907,2138,2369
孝感市,5.0,5.0,5.0,6.0,6.0,6.0,6.0,7.0,11.0,15.0,21.0,26.0,34.0,44.0,54.0,64,89,118,156,205,250,453,635,876,1108,1343,1578,1813,2049,2284,2519
宁德市,6.0,7.0,8.0,8.0,10.0,12.0,15.0,16.0,19.0,25.0,37.0,59.0,86.0,115.0,154.0,206,265,327,525,742,1041,1365,1718,2205,2692,3179,3666,4153,4640,5127,5614
宁波市,47.0,67.0,86.0,106.0,129.0,152.0,191.0,224.0,261.0,306.0,373.0,461.0,556.0,659.0,856.0,1077,1388,1801,2405,3167,6036,8614,10942,13109,15288,17463,19637,21812,23986,26161,28335
安庆市,4.0,5.0,7.0,9.0,11.0,12.0,15.0,18.0,20.0,26.0,29.0,37.0,42.0,52.0,73.0,81,100,141,204,303,431,731,1097,1549,1998,2448,2898,3348,3799,4249,4699
安康市,3.0,3.0,4.0,6.0,7.0,8.0,11.0,12.0,13.0,13.0,16.0,20.0,24.0,29.0,46.0,64,96,116,141,175,256,416,535,697,853,1011,1169,1326,1484,1642,1800
安阳市,4.0,4.0,7.0,7.0,10.0,9.0,9.0,10.0,12.0,15.0,20.0,25.0,32.0,39.0,55.0,81,108,139,189,233,341,742,1126,1588,2048,2509,2969,3430,3891,4351,4812
安顺市,,,,,,,,,,,1.0,1.0,1.0,5.0,14.0,24,36,50,69,86,107,210,392,551,710,869,1028,1187,1346,1505,1664
定西市,1.0,2.0,3.0,3.0,3.0,4.0,4.0,5.0,5.0,6.0,6.0,7.0,9.0,16.0,22.0,29,42,56,73,97,118,204,302,431,560,689,818,947,1076,1205,1334
宜宾市,4.0,5.0,6.0,8.0,10.0,12.0,15.0,18.0,19.0,26.0,29.0,32.0,38.0,51.0,64.0,85,110,144,217,310,468,717,983,1340,1696,2052,2409,2765,3121,3478,3834
宜昌市,4.0,5.0,9.0,15.0,21.0,26.0,35.0,43.0,57.0,74.0,90.0,102.0,119.0,139.0,185.0,223,292,384,493,609,753,1192,1683,2632,3576,4521,5467,6412,7358,8303,9249
宜春市,2.0,5.0,5.0,8.0,12.0,13.0,16.0,17.0,22.0,26.0,29.0,33.0,43.0,51.0,79.0,110,150,189,250,349,746,1242,1807,2245,2685,3125,3564,4004,4444,4883,5323
宝鸡市,7.0,7.0,9.0,12.0,12.0,17.0,21.0,27.0,31.0,37.0,47.0,58.0,68.0,83.0,114.0,161,229,315,407,570,762,1023,2196,3238,4308,5377,6445,7514,8583,9651,10720
宣城市,1.0,1.0,1.0,1.0,2.0,2.0,5.0,6.0,6.0,12.0,12.0,13.0,15.0,19.0,31.0,36,47,65,89,125,174,340,480,694,895,1100,1305,1510,1715,1920,2125
宿州市,,1.0,2.0,5.0,6.0,6.0,6.0,6.0,11.0,12.0,17.0,19.0,25.0,28.0,35.0,48,60,94,144,220,301,672,1047,1584,2109,2639,3168,3697,4227,4756,5286
宿迁市,2.0,4.0,5.0,5.0,7.0,7.0,10.0,12.0,17.0,28.0,37.0,50.0,60.0,82.0,130.0,173,220,286,357,478,1044,1697,2097,2741,3341,3946,4551,5156,5761,6366,6972
岳阳市,7.0,7.0,9.0,11.0,12.0,13.0,15.0,18.0,20.0,23.0,25.0,29.0,34.0,41.0,56.0,70,89,110,141,201,284,464,773,1111,1449,1788,2126,2464,2803,3141,3479
崇左市,2.0,2.0,3.0,4.0,4.0,4.0,4.0,4.0,4.0,4.0,5.0,6.0,6.0,7.0,11.0,13,20,32,46,62,113,151,225,271,328,384,439,494,549,604,660
巴中市,,,1.0,1.0,1.0,1.0,2.0,3.0,4.0,4.0,5.0,7.0,8.0,13.0,22.0,26,37,50,75,94,131,210,303,389,475,561,647,733,819,905,991
巴彦淖尔市,,,,,2.0,2.0,3.0,3.0,3.0,3.0,4.0,5.0,9.0,11.0,19.0,29,41,47,60,77,97,158,234,319,404,489,574,659,744,829,914
常州市,25.0,33.0,38.0,47.0,55.0,65.0,83.0,95.0,108.0,127.0,154.0,194.0,232.0,292.0,379.0,467,610,779,997,1222,2298,3453,4457,5709,6935,8168,9401,10633,11866,13099,14332
常德市,3.0,3.0,4.0,5.0,5.0,6.0,7.0,10.0,11.0,12.0,15.0,19.0,23.0,25.0,44.0,52,64,84,102,136,183,258,408,597,786,975,1164,1353,1542,1731,1920
平凉市,,,,1.0,2.0,2.0,2.0,5.0,6.0,7.0,7.0,10.0,13.0,17.0,31.0,50,65,76,115,143,174,269,346,467,575,688,801,914,1027,1139,1252
平顶山市,4.0,5.0,5.0,5.0,6.0,7.0,7.0,8.0,9.0,14.0,19.0,24.0,31.0,33.0,45.0,74,96,125,158,210,290,523,756,1093,1427,1763,2098,2433,2769,3104,3439
广元市,1.0,1.0,1.0,2.0,4.0,4.0,6.0,8.0,10.0,11.0,13.0,17.0,21.0,24.0,32.0,48,62,82,117,146,197,296,395,494,593,692,791,890,989,1088,1187
广安市,1.0,1.0,2.0,2.0,2.0,3.0,3.0,6.0,6.0,6.0,9.0,11.0,12.0,14.0,20.0,27,38,56,79,119,189,293,380,475,570,665,760,855,950,1045,1140
广州市,368.0,452.0,564.0,732.0,900.0,1060.0,1263.0,1525.0,1810.0,2171.0,2594.0,3130.0,3698.0,4406.0,5739.0,7434,9544,12584,17476,22943,32338,55438,68429,85202,101538,117820,134102,150384,166666,182948,199230
庆阳市,1.0,2.0,2.0,4.0,4.0,7.0,7.0,11.0,11.0,12.0,13.0,14.0,18.0,27.0,49.0,80,109,135,184,208,253,375,530,755,980,1205,1430,1655,1880,2105,2330
廊坊市,6.0,6.0,6.0,13.0,15.0,19.0,24.0,26.0,29.0,37.0,43.0,47.0,59.0,68.0,91.0,123,165,210,273,360,492,667,1014,1853,2685,3520,4355,5190,6025,6860,7695
延安市,2.0,3.0,4.0,4.0,5.0,8.0,10.0,12.0,13.0,15.0,20.0,24.0,31.0,33.0,52.0,70,97,121,168,217,318,492,633,841,1038,1239,1439,1640,1840,2041,2241
开封市,1.0,2.0,3.0,4.0,4.0,4.0,5.0,8.0,11.0,13.0,14.0,14.0,16.0,20.0,35.0,56,87,126,174,246,373,673,981,1362,1742,2122,2502,2882,3262,3642,4022
张家口市,2.0,2.0,3.0,3.0,3.0,7.0,9.0,11.0,11.0,13.0,14.0,17.0,20.0,24.0,36.0,53,73,112,165,219,285,400,614,1113,1608,2105,2601,3098,3595,4091,4588
张家界市,1.0,2.0,2.0,3.0,3.0,4.0,5.0,6.0,7.0,8.0,10.0,11.0,14.0,17.0,22.0,25,27,35,46,61,92,128,200,296,392,488,584,680,776,872,968
张掖市,2.0,2.0,2.0,2.0,3.0,4.0,5.0,5.0,8.0,9.0,10.0,13.0,16.0,18.0,39.0,61,81,113,144,169,192,285,397,547,697,847,997,1147,1297,1447,1597
徐州市,21.0,25.0,28.0,30.0,38.0,49.0,66.0,77.0,97.0,119.0,139.0,173.0,204.0,253.0,337.0,433,573,754,971,1273,2964,4739,5982,7586,9174,10764,12354,13944,15534,17124,18714
德州市,8.0,9.0,10.0,11.0,12.0,15.0,19.0,20.0,22.0,29.0,37.0,54.0,59.0,72.0,100.0,146,207,294,399,564,916,1582,2218,2878,3538,4197,4857,5516,6176,6836,7495
德阳市,9.0,13.0,14.0,14.0,16.0,17.0,20.0,22.0,25.0,29.0,33.0,34.0,44.0,56.0,79.0,99,115,145,185,254,361,545,746,956,1166,1376,1586,1796,2006,2216,2426
忻州市,1.0,1.0,1.0,1.0,1.0,1.0,2.0,2.0,2.0,3.0,3.0,4.0,5.0,6.0,19.0,27,41,52,65,94,129,232,356,476,596,716,836,956,1076,1196,1316
怀化市,1.0,1.0,1.0,3.0,3.0,5.0,6.0,6.0,7.0,10.0,11.0,14.0,18.0,20.0,26.0,39,55,67,90,131,178,276,411,630,849,1068,1287,1506,1725,1944,2163
惠州市,9.0,14.0,20.0,26.0,34.0,38.0,56.0,68.0,78.0,101.0,120.0,140.0,163.0,202.0,271.0,341,454,618,815,1125,1815,3404,4859,6258,7657,9056,10455,11854,13253,14652,16051
成都市,130.0,174.0,233.0,307.0,374.0,453.0,571.0,668.0,790.0,937.0,1173.0,1427.0,1721.0,2116.0,2767.0,3559,4620,5941,7638,9712,13190,22205,32495,46282,60024,73782,87541,101300,115059,128818,142577
扬州市,9.0,22.0,29.0,34.0,44.0,54.0,65.0,76.0,86.0,102.0,118.0,146.0,170.0,199.0,238.0,304,378,492,638,820,1601,2331,2997,3677,4356,5035,5714,6393,7072,7751,8430
承德市,2.0,3.0,5.0,5.0,6.0,7.0,8.0,9.0,11.0,12.0,14.0,15.0,16.0,20.0,27.0,35,56,78,97,120,158,195,293,524,755,986,1217,1448,1679,1910,2141
抚州市,,1.0,1.0,1.0,1.0,1.0,3.0,6.0,7.0,10.0,12.0,19.0,24.0,29.0,39.0,55,74,106,153,205,448,713,984,1280,1576,1872,2168,2464,2760,3056,3352
抚顺市,,,,1.0,1.0,1.0,1.0,2.0,2.0,3.0,6.0,9.0,10.0,12.0,16.0,27,37,48,77,124,261,466,596,704,812,920,1028,1136,1244,1352,1460
揭阳市,4.0,6.0,7.0,7.0,8.0,8.0,9.0,12.0,14.0,19.0,20.0,22.0,25.0,31.0,35.0,41,51,66,87,118,156,286,384,548,695,847,1000,1153,1305,1458,1610
攀枝花市,,1.0,2.0,2.0,2.0,2.0,2.0,3.0,4.0,5.0,8.0,10.0,11.0,15.0,23.0,31,44,64,79,108,145,229,283,348,411,474,538,601,664,727,790
新乡市,4.0,7.0,8.0,12.0,14.0,21.0,23.0,27.0,30.0,35.0,40.0,46.0,58.0,64.0,80.0,104,139,185,258,339,492,969,1372,1806,2238,2671,3103,3536,3968,4401,4833
新余市,,,1.0,2.0,2.0,3.0,3.0,5.0,5.0,6.0,10.0,12.0,19.0,25.0,32.0,38,51,67,91,127,250,399,541,710,879,1048,1217,1386,1555,1724,1893
无锡市,42.0,61.0,80.0,108.0,134.0,156.0,190.0,219.0,255.0,316.0,363.0,429.0,506.0,584.0,725.0,921,1150,1449,1790,2243,3744,5749,7504,9513,11518,13524,15530,17536,19542,21548,23554
日照市,2.0,3.0,3.0,7.0,13.0,16.0,23.0,26.0,29.0,37.0,46.0,67.0,77.0,101.0,133.0,169,238,302,407,574,884,1409,1959,2521,3083,3645,4207,4769,5331,5893,6455
昆明市,45.0,53.0,67.0,88.0,109.0,137.0,178.0,205.0,246.0,310.0,374.0,452.0,535.0,671.0,866.0,1123,1379,1693,2065,2523,3235,4725,7380,14371,21303,28256,35210,42163,49117,56070,63024
昭通市,,,,1.0,1.0,1.0,1.0,2.0,4.0,4.0,6.0,10.0,12.0,12.0,16.0,24,32,51,68,90,119,211,329,473,617,761,905,1049,1193,1337,1481
晋中市,2.0,4.0,5.0,5.0,9.0,11.0,14.0,17.0,19.0,24.0,28.0,32.0,35.0,47.0,63.0,82,108,129,174,222,291,552,798,1035,1272,1509,1746,1983,2220,2457,2694
晋城市,,2.0,2.0,2.0,4.0,7.0,10.0,13.0,16.0,18.0,22.0,29.0,39.0,47.0,65.0,82,106,129,175,234,291,457,682,928,1174,1420,1666,1912,2158,2404,2650
普洱市,,,1.0,2.0,3.0,3.0,3.0,7.0,7.0,7.0,7.0,10.0,12.0,14.0,15.0,17,22,27,38,53,69,107,179,286,393,500,607,714,821,928,1035
景德镇市,1.0,2.0,2.0,2.0,2.0,3.0,3.0,3.0,3.0,4.0,4.0,5.0,8.0,11.0,17.0,21,30,49,68,96,174,274,375,496,617,738,859,980,1101,1222,1343
曲靖市,3.0,4.0,4.0,5.0,7.0,8.0,8.0,10.0,11.0,12.0,16.0,21.0,28.0,34.0,50.0,65,77,94,126,169,210,333,574,882,1190,1497,1805,2113,2421,2729,3037
朔州市,3.0,4.0,4.0,4.0,5.0,7.0,8.0,11.0,11.0,11.0,12.0,13.0,15.0,20.0,28.0,37,51,59,75,95,133,186,265,385,505,625,745,865,985,1105,1225
朝阳市,1.0,1.0,1.0,3.0,3.0,5.0,5.0,5.0,5.0,8.0,9.0,14.0,16.0,19.0,30.0,40,50,64,92,134,244,385,534,647,760,873,986,1099,1212,1325,1438
本溪市,3.0,3.0,4.0,5.0,5.0,5.0,6.0,7.0,8.0,9.0,11.0,12.0,13.0,13.0,16.0,19,28,40,54,70,98,149,185,220,255,290,325,360,395,430,465
来宾市,2.0,3.0,4.0,4.0,4.0,5.0,5.0,5.0,5.0,5.0,5.0,6.0,8.0,8.0,17.0,26,34,39,49,70,110,168,238,299,360,421,482,543,604,665,726
杭州市,141.0,188.0,257.0,332.0,419.0,532.0,648.0,775.0,916.0,1099.0,1389.0,1659.0,1959.0,2334.0,3021.0,3894,5063,6632,8782,11618,19739,28786,37565,47332,57083,66839,76595,86350,96106,105862,115618
松原市,,,,,,,,,3.0,7.0,7.0,9.0,14.0,17.0,23.0,33,46,61,79,105,145,230,309,393,477,561,645,729,813,897,981
枣庄市,7.0,8.0,9.0,11.0,16.0,20.0,23.0,25.0,28.0,34.0,40.0,46.0,51.0,58.0,87.0,129,188,250,337,478,937,1581,2156,2780,3403,4026,4649,5273,5896,6519,7142
柳州市,10.0,11.0,14.0,18.0,19.0,24.0,26.0,34.0,39.0,47.0,57.0,67.0,85.0,111.0,155.0,203,278,370,485,603,952,1453,1919,2265,2612,2959,3306,3653,4000,4347,4693
株洲市,5.0,6.0,10.0,13.0,18.0,24.0,28.0,32.0,38.0,42.0,48.0,54.0,61.0,74.0,113.0,145,187,232,279,387,498,716,1056,1569,2079,2590,3101,3613,4124,4635,5146
桂林市,7.0,14.0,14.0,14.0,16.0,21.0,27.0,33.0,38.0,46.0,52.0,70.0,82.0,110.0,143.0,187,235,295,362,460,710,1150,1496,1821,2146,2471,2795,3120,3444,3769,4094
梅州市,3.0,4.0,4.0,5.0,5.0,9.0,9.0,12.0,13.0,17.0,23.0,29.0,36.0,44.0,58.0,72,94,137,170,224,318,506,707,936,1165,1394,1623,1852,2081,2310,2539
梧州市,4.0,4.0,4.0,4.0,4.0,4.0,5.0,5.0,5.0,7.0,8.0,10.0,11.0,17.0,19.0,29,44,53,76,105,185,346,479,548,617,686,755,824,893,962,1031
榆林市,3.0,4.0,6.0,7.0,11.0,14.0,22.0,27.0,33.0,39.0,51.0,67.0,93.0,112.0,155.0,208,287,360,455,566,840,1287,1691,2286,2881,3476,4071,4666,5261,5856,6451
武威市,1.0,1.0,1.0,2.0,4.0,4.0,5.0,7.0,8.0,9.0,9.0,12.0,15.0,18.0,22.0,30,55,75,101,129,152,214,275,368,456,546,636,725,815,905,995
武汉市,114.0,148.0,190.0,231.0,298.0,356.0,422.0,521.0,627.0,742.0,898.0,1103.0,1331.0,1602.0,2167.0,2761,3504,4456,5774,7804,9864,16332,23098,33155,42958,52852,62747,72641,82536,92431,102325
毕节市,,,,,,1.0,1.0,1.0,2.0,3.0,4.0,7.0,9.0,11.0,19.0,26,42,56,78,112,167,273,484,793,1101,1410,1718,2027,2335,2644,2952
永州市,,,1.0,1.0,1.0,1.0,1.0,2.0,6.0,6.0,9.0,11.0,13.0,15.0,25.0,35,57,75,100,145,183,264,456,681,906,1131,1357,1582,1807,2033,2258
汉中市,2.0,3.0,4.0,5.0,6.0,6.0,9.0,12.0,13.0,17.0,19.0,22.0,24.0,33.0,46.0,67,86,116,147,190,304,500,716,937,1158,1379,1600,1821,2042,2263,2484
汕头市,16.0,21.0,24.0,31.0,32.0,34.0,40.0,50.0,53.0,59.0,76.0,87.0,93.0,113.0,125.0,155,199,266,332,407,533,813,1069,1377,1685,1993,2301,2609,2917,3225,3533
汕尾市,1.0,1.0,2.0,2.0,2.0,2.0,3.0,3.0,3.0,4.0,5.0,6.0,7.0,9.0,17.0,25,33,43,56,81,129,249,389,518,647,776,905,1034,1163,1292,1421
江门市,9.0,13.0,14.0,15.0,18.0,20.0,21.0,27.0,39.0,43.0,50.0,66.0,75.0,90.0,107.0,133,173,222,292,372,483,844,1163,1571,1968,2369,2770,3171,3572,3973,4374
池州市,,1.0,1.0,1.0,3.0,3.0,5.0,6.0,7.0,9.0,10.0,11.0,15.0,17.0,27.0,33,37,47,64,78,114,219,315,418,521,624,727,830,933,1036,1139
沈阳市,50.0,61.0,75.0,101.0,127.0,144.0,171.0,209.0,257.0,320.0,393.0,468.0,538.0,635.0,824.0,1060,1371,1814,2315,2989,4858,7416,9716,12471,15220,17970,20720,23471,26221,28971,31722
沧州市,5.0,7.0,9.0,10.0,12.0,13.0,15.0,17.0,18.0,20.0,25.0,27.0,33.0,41.0,53.0,71,92,121,153,213,272,330,468,792,1114,1437,1759,2082,2405,2727,3050
河池市,,,,,,,1.0,1.0,2.0,3.0,4.0,4.0,7.0,8.0,15.0,26,35,51,58,86,146,241,311,388,465,542,619,696,773,850,927
河源市,,,,1.0,2.0,2.0,4.0,4.0,4.0,7.0,12.0,18.0,23.0,36.0,57.0,73,102,134,182,243,363,595,805,967,1129,1291,1453,1615,1777,1939,2101
泉州市,39.0,45.0,54.0,64.0,75.0,88.0,107.0,117.0,138.0,157.0,186.0,225.0,277.0,344.0,465.0,643,843,1081,1426,1924,2883,4264,5683,7603,9516,11431,13346,15261,17177,19092,21007
泰安市,4.0,8.0,13.0,17.0,20.0,26.0,37.0,48.0,53.0,61.0,69.0,84.0,101.0,121.0,163.0,235,304,397,534,731,1138,2021,2848,3814,4778,5743,6708,7672,8637,9602,10566
泰州市,7.0,10.0,13.0,18.0,23.0,32.0,35.0,40.0,47.0,59.0,67.0,79.0,94.0,105.0,130.0,171,217,278,367,482,972,1506,1905,2442,2979,3516,4053,4590,5127,5664,6201
泸州市,2.0,3.0,4.0,5.0,6.0,10.0,12.0,14.0,15.0,21.0,25.0,29.0,34.0,44.0,63.0,79,100,135,182,247,386,572,852,1076,1300,1524,1748,1972,2196,2420,2644
洛阳市,9.0,11.0,15.0,21.0,22.0,25.0,29.0,35.0,43.0,46.0,52.0,71.0,87.0,104.0,152.0,226,310,422,565,760,1084,1951,2728,3631,4521,5415,6310,7204,8098,8992,9886
济南市,74.0,92.0,127.0,165.0,216.0,264.0,341.0,425.0,500.0,593.0,721.0,880.0,1045.0,1298.0,1756.0,2327,2987,3814,4894,6626,10365,17010,22422,28254,34086,39918,45750,51582,57414,63246,69078
济宁市,13.0,16.0,17.0,24.0,29.0,42.0,51.0,60.0,67.0,84.0,101.0,118.0,137.0,175.0,266.0,350,479,632,823,1105,1761,3024,4101,5219,6337,7455,8573,9691,10809,11927,13045
海东市,,2.0,2.0,2.0,2.0,2.0,2.0,3.0,3.0,3.0,3.0,3.0,4.0,5.0,6.0,9,15,27,36,47,75,139,185,209,233,257,281,305,329,353,377
海口市,32.0,40.0,46.0,61.0,73.0,100.0,118.0,149.0,181.0,222.0,281.0,344.0,393.0,496.0,644.0,830,1121,1406,1904,2924,6911,14719,21983,31365,40713,50072,59430,68789,78148,87506,96865
淄博市,17.0,23.0,28.0,38.0,47.0,55.0,66.0,73.0,85.0,101.0,113.0,125.0,146.0,172.0,225.0,306,410,515,689,930,1440,2410,3230,4089,4947,5805,6663,7521,8378,9236,10094
淮北市,1.0,1.0,1.0,2.0,3.0,4.0,4.0,8.0,8.0,8.0,11.0,14.0,19.0,27.0,35.0,48,64,74,99,127,178,357,540,734,928,1122,1316,1510,1704,1898,2092
淮南市,1.0,2.0,2.0,5.0,6.0,7.0,8.0,9.0,12.0,18.0,19.0,22.0,27.0,31.0,35.0,47,66,87,120,162,225,393,568,847,1126,1404,1683,1962,2240,2519,2798
淮安市,5.0,8.0,9.0,10.0,13.0,13.0,15.0,20.0,25.0,30.0,35.0,44.0,52.0,68.0,93.0,130,199,262,330,433,912,1451,1987,2665,3341,4017,4694,5371,6047,6724,7400
深圳市,162.0,222.0,267.0,359.0,486.0,629.0,788.0,944.0,1107.0,1354.0,1691.0,2130.0,2699.0,3959.0,5592.0,7816,10740,14132,17869,22125,28399,43678,60964,81820,102633,123465,144296,165127,185958,206789,227620
清远市,,,,1.0,3.0,3.0,4.0,7.0,12.0,15.0,17.0,20.0,24.0,26.0,29.0,36,50,63,85,117,182,299,427,596,765,934,1103,1272,1441,1610,1779
温州市,61.0,75.0,89.0,97.0,111.0,124.0,144.0,170.0,191.0,222.0,274.0,333.0,385.0,446.0,548.0,690,859,1084,1407,1912,3662,5162,6612,8403,10163,11932,13701,15470,17239,19008,20777
渭南市,3.0,4.0,5.0,5.0,5.0,5.0,7.0,10.0,11.0,14.0,18.0,23.0,28.0,35.0,45.0,64,82,116,169,210,354,562,1357,1581,2075,2528,2981,3435,3888,4341,4795
湖州市,11.0,18.0,24.0,30.0,32.0,35.0,43.0,45.0,52.0,62.0,72.0,82.0,98.0,118.0,148.0,189,246,318,465,635,1256,1975,2684,3242,3802,4362,4921,5481,6040,6600,7159
湘潭市,3.0,4.0,7.0,9.0,10.0,11.0,12.0,14.0,17.0,20.0,23.0,27.0,31.0,38.0,59.0,69,87,113,139,170,229,326,489,687,885,1083,1281,1479,1677,1875,2072
湛江市,5.0,7.0,9.0,12.0,16.0,21.0,24.0,31.0,34.0,43.0,59.0,68.0,82.0,93.0,117.0,137,176,232,302,385,533,825,1187,1555,1923,2291,2660,3028,3396,3764,4133
滁州市,1.0,1.0,3.0,3.0,5.0,7.0,8.0,10.0,11.0,14.0,19.0,22.0,27.0,34.0,49.0,80,99,124,168,246,347,618,982,1367,1752,2137,2523,2908,3293,3678,4064
滨州市,3.0,5.0,5.0,8.0,13.0,16.0,18.0,22.0,27.0,32.0,38.0,54.0,71.0,87.0,121.0,172,248,333,424,573,907,1558,2353,3155,3958,4760,5563,6366,7168,7971,8774
漯河市,1.0,1.0,2.0,3.0,3.0,4.0,5.0,5.0,6.0,8.0,8.0,9.0,11.0,14.0,18.0,29,46,71,104,142,190,361,471,681,857,1045,1232,1420,1608,1795,1983
漳州市,19.0,21.0,24.0,30.0,38.0,42.0,51.0,56.0,65.0,77.0,90.0,104.0,128.0,142.0,197.0,275,361,469,683,1018,1447,2051,2705,3441,4176,4912,5647,6383,7119,7854,8590
潍坊市,10.0,15.0,20.0,26.0,38.0,43.0,49.0,57.0,67.0,76.0,93.0,116.0,150.0,185.0,285.0,390,530,659,918,1311,2193,3954,5608,7258,8908,10557,12207,13857,15506,17156,18805
潮州市,4.0,4.0,4.0,5.0,6.0,8.0,10.0,11.0,12.0,13.0,14.0,17.0,18.0,23.0,27.0,32,41,55,72,88,148,302,414,550,684,818,952,1086,1220,1354,1488
濮阳市,3.0,4.0,4.0,4.0,4.0,6.0,9.0,9.0,11.0,12.0,12.0,16.0,19.0,24.0,31.0,38,53,69,88,134,202,430,622,939,1233,1535,1837,2139,2441,2743,3044
烟台市,16.0,25.0,38.0,49.0,60.0,68.0,84.0,101.0,120.0,143.0,176.0,212.0,248.0,293.0,404.0,514,680,868,1096,1487,2431,3916,5311,6990,8665,10342,12018,13694,15371,17047,18724
焦作市,,3.0,3.0,5.0,6.0,7.0,8.0,11.0,11.0,14.0,18.0,20.0,22.0,24.0,34.0,50,67,91,128,158,242,461,647,875,1102,1330,1558,1785,2013,2241,2468
牡丹江市,,1.0,1.0,3.0,4.0,4.0,5.0,8.0,9.0,13.0,16.0,18.0,22.0,25.0,36.0,45,50,63,84,110,159,231,316,438,560,682,804,926,1048,1170,1292
玉林市,5.0,5.0,5.0,7.0,7.0,8.0,9.0,9.0,11.0,13.0,17.0,23.0,29.0,30.0,44.0,64,94,129,167,218,399,637,871,1102,1333,1564,1795,2026,2257,2488,2719
玉溪市,1.0,1.0,2.0,2.0,2.0,2.0,4.0,4.0,4.0,4.0,5.0,9.0,10.0,10.0,17.0,25,30,42,56,64,77,135,221,354,487,620,753,886,1019,1152,1285
珠海市,69.0,86.0,107.0,130.0,152.0,174.0,219.0,252.0,285.0,325.0,383.0,444.0,518.0,649.0,843.0,1111,1435,1912,2516,3055,3924,5424,6650,8139,9574,11023,12472,13921,15370,16820,18269
白城市,,,,,,,,,1.0,3.0,3.0,4.0,5.0,8.0,9.0,11,16,22,35,43,57,89,161,215,269,323,377,431,485,539,593
白山市,,,,,,,,2.0,4.0,5.0,5.0,8.0,9.0,13.0,14.0,19,27,35,48,66,78,111,154,196,238,280,322,364,406,448,490
白银市,,,,,1.0,1.0,1.0,2.0,2.0,4.0,5.0,5.0,6.0,12.0,22.0,29,45,61,80,97,121,224,267,368,446,531,617,702,788,873,959
百色市,4.0,4.0,5.0,5.0,5.0,5.0,5.0,6.0,8.0,11.0,16.0,19.0,22.0,30.0,39.0,49,59,71,89,107,195,327,435,511,587,663,739,815,891,967,1043
益阳市,4.0,4.0,5.0,7.0,8.0,9.0,10.0,10.0,11.0,12.0,13.0,15.0,19.0,23.0,29.0,43,63,79,107,153,191,271,423,586,749,912,1075,1238,1401,1564,1727
盐城市,12.0,14.0,15.0,25.0,34.0,40.0,42.0,49.0,60.0,72.0,85.0,101.0,124.0,142.0,188.0,245,310,409,505,628,1302,2011,2600,3347,4075,4808,5540,6273,7006,7739,8471
盘锦市,,,,1.0,5.0,6.0,8.0,12.0,16.0,17.0,21.0,24.0,27.0,29.0,37.0,46,54,75,102,124,205,306,393,481,569,657,745,833,921,1009,1097
眉山市,1.0,2.0,2.0,8.0,8.0,10.0,11.0,13.0,16.0,17.0,21.0,22.0,26.0,32.0,39.0,47,61,80,104,152,217,383,530,695,859,1023,1187,1351,1515,1679,1843
石嘴山市,1.0,1.0,1.0,1.0,2.0,2.0,2.0,3.0,3.0,5.0,7.0,8.0,11.0,12.0,15.0,23,31,37,44,62,90,142,170,197,225,252,280,308,335,363,391
石家庄市,18.0,26.0,31.0,38.0,50.0,68.0,78.0,88.0,108.0,123.0,152.0,190.0,221.0,276.0,370.0,484,648,814,1025,1274,1550,1927,2613,4276,5926,7581,9235,10890,12545,14200,15854
福州市,83.0,108.0,136.0,183.0,233.0,299.0,366.0,434.0,514.0,597.0,746.0,914.0,1111.0,1366.0,1848.0,2463,3112,3934,5197,7355,10482,14595,18297,22646,26986,31328,35670,40012,44355,48697,53039
秦皇岛市,5.0,9.0,10.0,13.0,13.0,17.0,20.0,22.0,24.0,29.0,31.0,34.0,40.0,46.0,57.0,69,86,114,135,164,195,242,375,639,899,1160,1422,1683,1945,2206,2468
绍兴市,15.0,19.0,22.0,29.0,32.0,37.0,50.0,56.0,65.0,77.0,87.0,105.0,124.0,150.0,201.0,243,303,385,545,740,1477,2288,2911,3532,4152,4772,5392,6012,6633,7253,7873
绥化市,,,,,,,1.0,1.0,1.0,2.0,2.0,3.0,4.0,7.0,10.0,19,26,34,46,60,85,146,219,331,443,555,667,779,891,1003,1115
绵阳市,5.0,8.0,12.0,19.0,26.0,32.0,38.0,44.0,54.0,68.0,87.0,99.0,120.0,145.0,220.0,303,408,517,672,939,1231,1753,2315,3084,3853,4622,5391,6160,6929,7698,8467
聊城市,4.0,6.0,8.0,11.0,13.0,15.0,20.0,24.0,26.0,30.0,38.0,45.0,55.0,70.0,96.0,136,203,309,420,605,975,1727,2353,2852,3352,3852,4352,4851,5351,5851,6351
肇庆市,5.0,6.0,8.0,9.0,10.0,12.0,13.0,15.0,21.0,26.0,30.0,35.0,41.0,47.0,60.0,76,98,127,183,253,334,532,751,1073,1395,1717,2039,2361,2683,3005,3327
自贡市,2.0,4.0,5.0,6.0,9.0,11.0,12.0,12.0,14.0,17.0,21.0,26.0,32.0,41.0,48.0,61,78,101,130,181,249,363,461,596,726,858,990,1122,1254,1385,1517
舟山市,5.0,5.0,5.0,5.0,6.0,6.0,8.0,10.0,13.0,14.0,19.0,22.0,24.0,36.0,48.0,56,72,87,127,179,359,533,711,854,997,1141,1284,1427,1571,1714,1857
芜湖市,3.0,3.0,4.0,5.0,7.0,10.0,14.0,14.0,16.0,25.0,32.0,44.0,61.0,84.0,115.0,152,208,255,345,459,895,1719,3654,4853,6213,7543,8873,10203,11534,12864,14194
苏州市,73.0,100.0,136.0,178.0,229.0,284.0,341.0,422.0,503.0,626.0,803.0,983.0,1185.0,1426.0,1826.0,2313,2901,3786,4822,6078,12094,18914,24634,30593,36543,42494,48446,54397,60348,66300,72251
茂名市,1.0,5.0,8.0,8.0,9.0,9.0,9.0,9.0,12.0,15.0,18.0,21.0,27.0,35.0,51.0,69,109,146,187,235,342,578,832,1114,1396,1678,1960,2242,2524,2806,3088
荆州市,7.0,9.0,10.0,10.0,11.0,13.0,15.0,19.0,21.0,22.0,28.0,32.0,39.0,45.0,58.0,79,111,133,178,216,305,537,786,1185,1584,1983,2382,2781,3180,3579,3978
荆门市,2.0,3.0,4.0,4.0,8.0,10.0,10.0,10.0,11.0,13.0,14.0,15.0,20.0,28.0,36.0,46,60,81,104,143,193,364,525,754,976,1201,1425,1649,1874,2098,2323
莆田市,4.0,5.0,5.0,6.0,7.0,8.0,10.0,12.0,18.0,20.0,26.0,41.0,53.0,67.0,99.0,161,215,284,383,600,996,1574,2068,2894,3669,4458,5247,6036,6824,7613,8402
菏泽市,3.0,4.0,6.0,7.0,9.0,11.0,14.0,15.0,17.0,22.0,23.0,29.0,39.0,49.0,71.0,106,159,229,354,487,832,1878,2706,3656,4595,5537,6478,7420,8361,9302,10244
萍乡市,2.0,2.0,5.0,6.0,7.0,7.0,7.0,7.0,8.0,12.0,15.0,15.0,18.0,21.0,29.0,40,51,77,127,176,526,1048,1320,1237,1158,1077,997,916,836,755,674
营口市,1.0,3.0,4.0,5.0,6.0,6.0,7.0,13.0,13.0,14.0,15.0,21.0,28.0,32.0,42.0,48,63,79,106,149,288,489,608,671,734,797,860,923,986,1049,1112
葫芦岛市,1.0,1.0,2.0,2.0,2.0,4.0,5.0,5.0,7.0,8.0,10.0,12.0,17.0,19.0,24.0,28,35,45,67,91,169,269,343,387,431,475,519,563,607,651,695
蚌埠市,1.0,2.0,2.0,2.0,3.0,6.0,6.0,9.0,11.0,13.0,18.0,23.0,25.0,31.0,44.0,66,80,112,170,234,329,600,904,1311,1715,2120,2525,2930,3335,3739,4144
衡水市,,1.0,1.0,1.0,2.0,2.0,4.0,6.0,8.0,10.0,12.0,15.0,17.0,21.0,28.0,35,56,90,123,169,215,275,419,714,1003,1295,1586,1877,2169,2460,2751
衡阳市,2.0,2.0,3.0,3.0,7.0,8.0,11.0,15.0,18.0,19.0,23.0,27.0,32.0,36.0,49.0,62,81,110,155,226,321,545,880,1670,2454,3240,4026,4812,5598,6384,7170
衢州市,,3.0,5.0,8.0,9.0,11.0,16.0,20.0,20.0,25.0,31.0,36.0,39.0,50.0,65.0,92,114,146,192,252,484,751,983,1226,1469,1712,1955,2198,2441,2684,2927
襄阳市,4.0,5.0,8.0,9.0,9.0,12.0,15.0,22.0,33.0,43.0,54.0,65.0,75.0,103.0,143.0,177,222,289,373,480,663,1150,1722,2701,3675,4652,5628,6604,7580,8556,9532
西宁市,13.0,17.0,20.0,26.0,30.0,36.0,40.0,49.0,58.0,71.0,87.0,100.0,125.0,151.0,208.0,283,372,470,587,756,1003,1720,2246,2740,3243,3745,4248,4750,5253,5756,6258
西安市,150.0,201.0,267.0,331.0,421.0,518.0,638.0,767.0,965.0,1180.0,1459.0,1771.0,2053.0,2432.0,3191.0,4050,5058,6649,8781,11503,19343,28723,42586,54358,66173,77979,89786,101592,113399,125205,137012
许昌市,1.0,1.0,1.0,1.0,1.0,1.0,3.0,8.0,10.0,12.0,15.0,19.0,24.0,35.0,43.0,71,98,123,168,223,343,690,958,1295,1622,1952,2282,2611,2941,3271,3600
贵港市,3.0,5.0,5.0,6.0,8.0,8.0,8.0,8.0,9.0,10.0,13.0,17.0,19.0,25.0,35.0,47,63,82,120,166,278,389,529,627,731,833,936,1038,1141,1243,1346
贵阳市,37.0,43.0,50.0,57.0,70.0,88.0,100.0,122.0,143.0,184.0,220.0,298.0,375.0,478.0,693.0,925,1220,1568,1995,2568,3672,5671,7973,10852,13725,16601,19477,22352,25228,28103,30979
贺州市,,,,,,,,,,,,2.0,3.0,7.0,12.0,17,28,36,48,72,153,232,333,406,481,556,631,705,780,855,929
资阳市,,,1.0,2.0,3.0,4.0,5.0,5.0,6.0,9.0,12.0,13.0,15.0,15.0,23.0,25,31,34,52,73,96,172,242,320,397,475,552,630,707,785,863
赣州市,3.0,4.0,5.0,9.0,9.0,11.0,14.0,17.0,23.0,28.0,38.0,52.0,62.0,80.0,123.0,173,242,343,496,699,1412,2248,3132,4060,4988,5915,6843,7771,8699,9627,10554
赤峰市,,1.0,2.0,2.0,3.0,3.0,4.0,5.0,8.0,10.0,14.0,18.0,26.0,29.0,49.0,69,98,128,161,197,241,414,619,869,1119,1369,1619,1869,2118,2368,2618
辽源市,,,1.0,2.0,2.0,2.0,2.0,3.0,4.0,4.0,4.0,4.0,5.0,8.0,12.0,13,16,21,27,35,39,66,87,110,133,157,180,204,227,250,274
辽阳市,2.0,2.0,3.0,4.0,4.0,4.0,6.0,6.0,7.0,7.0,11.0,14.0,19.0,19.0,21.0,24,33,45,55,71,138,199,228,260,292,324,356,388,420,452,484
达州市,,,1.0,1.0,2.0,2.0,2.0,2.0,3.0,5.0,7.0,8.0,11.0,13.0,21.0,30,41,57,92,145,214,328,456,610,764,918,1072,1226,1380,1534,1688
运城市,1.0,2.0,2.0,4.0,4.0,6.0,9.0,14.0,14.0,19.0,22.0,26.0,31.0,36.0,47.0,72,98,130,165,244,374,666,1707,2386,3176,3951,4725,5500,6275,7049,7824
连云港市,4.0,4.0,4.0,8.0,11.0,15.0,21.0,24.0,31.0,38.0,47.0,58.0,74.0,89.0,117.0,152,194,251,301,366,865,1416,1752,2256,2733,3211,3689,4167,4645,5123,5602
通化市,1.0,2.0,3.0,4.0,4.0,4.0,4.0,4.0,4.0,5.0,5.0,5.0,7.0,9.0,11.0,16,27,33,47,77,98,154,199,252,304,356,408,460,512,564,616
通辽市,,,,,,1.0,2.0,4.0,6.0,6.0,10.0,14.0,17.0,20.0,32.0,52,67,87,120,146,188,295,471,574,677,780,883,986,1089,1192,1295
遂宁市,1.0,1.0,1.0,1.0,1.0,2.0,2.0,3.0,5.0,8.0,11.0,12.0,18.0,22.0,30.0,40,50,73,98,141,183,263,362,473,584,695,806,917,1028,1139,1250
遵义市,2.0,3.0,4.0,4.0,7.0,7.0,8.0,14.0,15.0,17.0,20.0,22.0,29.0,42.0,66.0,96,137,176,225,277,381,606,1098,1703,2308,2913,3518,4123,4728,5333,5939
邢台市,3.0,4.0,4.0,5.0,6.0,7.0,7.0,7.0,7.0,7.0,9.0,11.0,11.0,14.0,21.0,27,47,68,101,140,214,282,424,868,1308,1749,2191,2632,3073,3515,3956
邯郸市,2.0,2.0,2.0,5.0,5.0,6.0,7.0,8.0,9.0,18.0,22.0,24.0,27.0,39.0,64.0,81,119,159,211,273,367,483,742,1481,2213,2948,3683,4418,5153,5888,6623
邵阳市,2.0,2.0,2.0,3.0,3.0,5.0,5.0,8.0,8.0,8.0,8.0,10.0,11.0,15.0,27.0,38,49,67,92,165,214,306,494,794,1093,1393,1692,1991,2291,2590,2890
郑州市,63.0,80.0,89.0,129.0,159.0,190.0,244.0,284.0,345.0,436.0,534.0,674.0,836.0,1010.0,1463.0,2008,2630,3393,4367,5667,7947,13242,18117,23857,29547,35250,40952,46655,52358,58060,63763
郴州市,2.0,2.0,2.0,4.0,4.0,4.0,4.0,8.0,11.0,12.0,15.0,17.0,20.0,25.0,42.0,53,73,97,132,194,263,387,689,1027,1365,1704,2042,2380,2719,3057,3396
鄂尔多斯市,1.0,1.0,3.0,3.0,4.0,6.0,7.0,12.0,17.0,29.0,48.0,64.0,68.0,75.0,98.0,133,174,232,303,382,472,744,1134,1514,1896,2279,2661,3044,3426,3808,4191
鄂州市,,,1.0,3.0,4.0,4.0,5.0,6.0,9.0,10.0,12.0,16.0,17.0,23.0,29.0,39,50,61,73,95,127,227,315,436,553,671,789,908,1026,1144,1262
酒泉市,5.0,5.0,5.0,5.0,5.0,7.0,8.0,8.0,9.0,9.0,10.0,13.0,21.0,29.0,41.0,62,89,111,135,161,202,336,503,646,789,932,1075,1218,1361,1504,1647
重庆市,133.0,160.0,190.0,244.0,296.0,350.0,411.0,492.0,591.0,701.0,854.0,1064.0,1288.0,1579.0,2075.0,2611,3313,4157,5415,7478,13849,20647,27597,34713,41827,48942,56057,63172,70287,77402,84517
金华市,16.0,21.0,30.0,38.0,46.0,50.0,65.0,76.0,85.0,106.0,122.0,148.0,179.0,229.0,296.0,381,506,718,963,1314,2967,4508,5555,6741,7918,9095,10272,11450,12627,13804,14982
金昌市,2.0,3.0,3.0,4.0,4.0,4.0,4.0,5.0,5.0,7.0,9.0,10.0,15.0,21.0,24.0,28,35,43,52,66,76,105,144,177,210,243,276,309,342,375,408
钦州市,1.0,1.0,2.0,3.0,3.0,3.0,3.0,3.0,5.0,6.0,8.0,10.0,12.0,18.0,24.0,36,56,67,89,132,295,540,2077,2143,2921,3611,4300,4989,5678,6367,7056
铁岭市,,,,,2.0,3.0,3.0,3.0,3.0,4.0,5.0,9.0,12.0,16.0,19.0,21,31,38,45,55,118,177,223,274,325,376,426,477,528,579,630
铜仁市,,,,,,,,1.0,2.0,2.0,3.0,5.0,8.0,11.0,15.0,26,38,67,90,116,162,248,436,618,800,982,1164,1346,1528,1710,1892
铜川市,2.0,2.0,2.0,3.0,3.0,4.0,5.0,5.0,5.0,6.0,6.0,8.0,9.0,11.0,19.0,21,28,36,53,75,126,192,244,313,382,451,520,589,658,727,796
铜陵市,1.0,1.0,2.0,2.0,2.0,3.0,5.0,7.0,7.0,7.0,12.0,14.0,17.0,21.0,29.0,33,39,49,68,90,135,221,314,502,690,878,1066,1254,1442,1630,1818
银川市,15.0,21.0,27.0,36.0,42.0,49.0,51.0,59.0,75.0,88.0,113.0,140.0,178.0,216.0,313.0,413,527,686,883,1135,1773,2774,3586,4362,5138,5913,6689,7464,8240,9015,9791
锦州市,1.0,1.0,4.0,4.0,4.0,5.0,8.0,11.0,12.0,15.0,16.0,17.0,22.0,29.0,36.0,48,59,74,104,132,200,336,441,564,686,808,931,1053,1175,1298,1420
镇江市,12.0,17.0,18.0,23.0,27.0,32.0,37.0,42.0,46.0,62.0,80.0,95.0,107.0,121.0,151.0,193,243,300,393,496,1009,1546,1969,2440,2910,3380,3850,4320,4791,5261,5731
长春市,28.0,33.0,45.0,57.0,74.0,89.0,109.0,139.0,187.0,233.0,281.0,355.0,405.0,474.0,602.0,774,1010,1283,1633,2232,2880,4711,6329,8273,10155,12050,13945,15840,17735,19630,21525
长沙市,56.0,79.0,100.0,126.0,153.0,187.0,238.0,292.0,347.0,430.0,519.0,649.0,785.0,954.0,1322.0,1786,2382,3063,3994,5676,7542,10333,17047,25025,33003,40987,48972,56957,64941,72926,80910
长治市,2.0,2.0,7.0,8.0,9.0,14.0,16.0,18.0,19.0,25.0,30.0,35.0,40.0,50.0,66.0,86,107,142,202,264,367,638,934,1246,1558,1870,2182,2494,2806,3118,3430
阜新市,1.0,1.0,1.0,1.0,1.0,1.0,1.0,1.0,2.0,2.0,6.0,8.0,11.0,14.0,18.0,18,25,41,51,71,120,189,239,308,377,446,515,584,653,722,791
阜阳市,3.0,5.0,5.0,5.0,6.0,6.0,7.0,12.0,16.0,21.0,23.0,30.0,31.0,48.0,69.0,100,143,201,285,410,555,1087,1680,2489,3298,4107,4916,5725,6534,7343,8152
防城港市,2.0,2.0,2.0,2.0,2.0,3.0,3.0,3.0,3.0,4.0,7.0,8.0,8.0,11.0,19.0,23,28,40,46,55,114,189,258,341,424,507,590,673,756,839,922
阳江市,,,1.0,1.0,1.0,2.0,4.0,5.0,6.0,6.0,6.0,7.0,8.0,13.0,24.0,30,37,52,74,88,117,177,356,507,658,809,960,1111,1262,1413,1564
阳泉市,,2.0,3.0,4.0,4.0,6.0,8.0,10.0,12.0,17.0,19.0,26.0,27.0,28.0,36.0,43,52,64,82,102,134,235,332,725,1065,1423,1782,2140,2498,2857,3215
陇南市,,,,,1.0,1.0,3.0,3.0,5.0,6.0,8.0,10.0,11.0,17.0,23.0,33,47,55,68,84,107,175,266,366,466,566,666,766,866,966,1066
随州市,1.0,1.0,2.0,2.0,2.0,3.0,4.0,5.0,5.0,6.0,7.0,10.0,12.0,19.0,28.0,45,60,80,98,121,169,283,378,489,600,711,821,932,1043,1154,1265
雅安市,,,,,,,,,,1.0,2.0,3.0,7.0,8.0,13.0,17,22,29,37,55,85,146,210,281,352,423,494,565,636,707,778
青岛市,102.0,128.0,155.0,186.0,224.0,267.0,316.0,375.0,429.0,518.0,629.0,774.0,917.0,1122.0,1485.0,1976,2530,3263,4174,5476,8949,13922,18298,21905,25521,29133,32745,36357,39968,43580,47192
鞍山市,11.0,13.0,15.0,18.0,20.0,23.0,27.0,34.0,38.0,42.0,46.0,54.0,59.0,67.0,88.0,102,125,151,186,226,357,555,677,761,845,929,1013,1097,1181,1265,1349
韶关市,2.0,2.0,6.0,7.0,8.0,10.0,13.0,16.0,18.0,20.0,26.0,30.0,37.0,42.0,56.0,66,84,114,156,212,302,494,661,838,1015,1192,1369,1546,1723,1900,2077
马鞍山市,,,4.0,7.0,7.0,9.0,12.0,14.0,18.0,23.0,30.0,39.0,48.0,66.0,84.0,105,128,159,192,232,406,598,807,971,1135,1299,1463,1627,1791,1955,2119
驻马店市,1.0,1.0,1.0,2.0,2.0,2.0,2.0,2.0,4.0,4.0,4.0,6.0,9.0,16.0,27.0,34,49,72,99,144,235,468,676,975,1268,1562,1857,2151,2446,2740,3035
鸡西市,,,,1.0,1.0,1.0,1.0,1.0,1.0,4.0,6.0,6.0,8.0,8.0,10.0,13,17,21,31,36,48,78,125,160,195,230,265,300,335,370,405
鹤壁市,2.0,2.0,2.0,2.0,3.0,3.0,3.0,3.0,3.0,5.0,7.0,7.0,10.0,12.0,21.0,34,46,59,85,130,201,375,513,688,858,1029,1200,1371,1542,1712,1883
鹤岗市,,,,1.0,1.0,1.0,1.0,1.0,2.0,2.0,2.0,4.0,4.0,4.0,5.0,7,11,13,20,29,32,41,88,127,166,206,245,285,324,363,403
鹰潭市,,1.0,3.0,3.0,4.0,4.0,4.0,4.0,4.0,5.0,5.0,6.0,10.0,11.0,17.0,22,27,41,60,83,173,265,368,502,636,770,904,1038,1172,1306,1440
黄冈市,1.0,1.0,2.0,3.0,5.0,6.0,8.0,11.0,13.0,18.0,21.0,27.0,29.0,36.0,51.0,74,108,146,209,285,362,631,932,1330,1728,2126,2524,2922,3320,3718,4116
黄山市,1.0,2.0,2.0,3.0,3.0,5.0,5.0,5.0,5.0,6.0,7.0,8.0,9.0,15.0,24.0,29,34,39,57,76,101,184,274,400,526,652,778,904,1030,1156,1282
黄石市,5.0,5.0,8.0,11.0,11.0,12.0,12.0,17.0,18.0,20.0,26.0,29.0,32.0,38.0,45.0,63,80,120,152,197,265,526,700,977,1226,1485,1743,2001,2259,2517,2776
黑河市,,,,,,1.0,1.0,2.0,4.0,5.0,6.0,6.0,6.0,9.0,14.0,18,20,26,34,51,70,94,129,172,215,258,301,344,387,430,473
齐齐哈尔市,,,,,1.0,2.0,2.0,3.0,3.0,5.0,7.0,10.0,15.0,17.0,19.0,24,32,38,55,69,95,163,305,451,597,743,889,1035,1181,1327,1473
龙岩市,1.0,3.0,6.0,10.0,13.0,17.0,22.0,28.0,33.0,39.0,46.0,58.0,69.0,83.0,110.0,139,177,243,362,577,944,1404,1878,2372,2866,3360,3854,4348,4842,5336,5830
