领域,年份,预测值,预测下限,预测上限
软件开发,2025,1371207,1252230.0,1483622.0
软件开发,2026,1635991,1499911.0,1766233.0
软件开发,2027,1903024,1725108.0,2123454.0
软件开发,2028,2090669,1712089.0,2550220.0
软件开发,2029,2353177,1719743.0,3071582.0
机器人,2026,331075,,
机器人,2027,332600,,
机器人,2028,329215,,
机器人,2029,322970,,
机器人,2030,315059,,
半导体,2026,22463,,
半导体,2027,22453,,
半导体,2028,22232,,
半导体,2029,21906,,
半导体,2030,21529,,
物联网,2026,3193,,
物联网,2027,3309,,
物联网,2028,3423,,
物联网,2029,3509,,
物联网,2030,3554,,
数据服务,2026,829,,
数据服务,2027,884,,
数据服务,2028,934,,
数据服务,2029,968,,
数据服务,2030,982,,
深度学习,2026,35,,
深度学习,2027,35,,
深度学习,2028,35,,
深度学习,2029,35,,
深度学习,2030,35,,
自然语言处理,2026,2,,
自然语言处理,2027,2,,
自然语言处理,2028,2,,
自然语言处理,2029,2,,
自然语言处理,2030,2,,
大数据分析,2020,188,,
大数据分析,2021,207,,
大数据分析,2022,208,,
大数据分析,2023,207,,
大数据分析,2024,201,,
大数据分析,2025,195,,
大数据分析,2026,188,,
大数据分析,2027,207,,
大数据分析,2028,208,,
大数据分析,2029,207,,
大数据分析,2030,201,,
