城市,教育支出_z,科技支出_z,注销_z,风险评分,聚类类别,动态预警,风险评分增长率,注销增长率,最新风险评分,残差,风险等级
普洱市,2.220446049250313e-16,2.9605947323337506e-16,0.0,-4.9343245538895844e-17,0,橙色预警,3.671002778674371,1.5714285714285716,1.986947370132464,-7.894919286223336e-15,高风险
运城市,-6.167905692361981e-16,3.4540271877227093e-16,0.0,4.9343245538895844e-17,2,橙色预警,32.54448978750147,2.9782608695652173,1.9317898069329835,-1.105288700071267e-14,高风险
辽源市,0.0,1.2335811384723961e-17,0.0,-4.9343245538895844e-17,1,橙色预警,6.594956469636326,3.0,2.06600469488301,-1.578983857244667e-15,高风险
昆明市,4.810966440042345e-16,1.4802973661668753e-16,0.0,-9.868649107779169e-17,0,橙色预警,2.18876956735856,1.0586124401913874,2.162109949063876,0.0,高风险
本溪市,1.2335811384723961e-15,-3.0839528461809905e-17,0.0,-9.868649107779169e-17,0,无预警,1.7916026715152067,1.0,2.1793267125173816,-7.894919286223335e-16,高风险
葫芦岛市,2.6521994477156517e-16,-4.9343245538895844e-17,0.0,2.4671622769447922e-17,0,红色预警,0.9915282387358191,0.5357142857142858,1.9709993332783817,-7.894919286223335e-16,高风险
兰州市,2.220446049250313e-16,2.4671622769447924e-16,0.0,-4.9343245538895844e-17,0,橙色预警,2.3683814781341157,1.2195121951219514,1.9598768941998548,6.315935428978668e-15,高风险
营口市,3.577385301569949e-16,-1.2335811384723961e-17,-9.868649107779169e-17,-9.868649107779169e-17,0,无预警,2.0505510526050195,0.8269230769230769,1.9327196373179725,-2.7632217501781674e-15,高风险
聊城市,-2.713878504639272e-16,4.9343245538895844e-17,0.0,0.0,1,无预警,1.1751213148294144,0.8282208588957056,1.920354038020059,-6.315935428978668e-15,高风险
柳州市,-7.524844944681616e-16,0.0,0.0,9.868649107779169e-17,2,红色预警,2.1638957177913736,0.904109589041096,2.0679827224620837,-7.894919286223336e-15,高风险
绥化市,7.401486830834377e-16,-7.401486830834377e-17,0.0,0.0,0,红色预警,1.9579243733073572,1.4444444444444446,2.02792902776903,-4.736951571734001e-15,高风险
大连市,1.1842378929335002e-15,7.401486830834377e-17,-4.9343245538895844e-17,-1.7270135938613546e-16,0,无预警,1.3875635673438915,0.7256317689530687,1.9513995875908703,-3.157967714489334e-15,高风险
秦皇岛市,-1.9737298215558337e-16,-3.700743415417188e-17,0.0,4.9343245538895844e-17,1,橙色预警,2.5348167466564093,1.4318181818181817,2.0231643844806726,-8.68441121484567e-15,高风险
大同市,-1.973729821555834e-15,-4.9343245538895844e-17,0.0,2.4671622769447924e-16,2,橙色预警,9.343174395770168,3.4705882352941178,2.1042515270842856,-7.105427357601002e-15,高风险
毕节市,1.2335811384723962e-16,3.700743415417188e-17,0.0,-2.4671622769447922e-17,1,红色预警,2.5358486921697097,1.3333333333333335,1.958262603404701,-1.973729821555834e-15,高风险
双鸭山市,0.0,-1.5419764230904953e-17,0.0,0.0,1,橙色预警,-28.090483263227203,4.0,2.0702807697834134,-3.157967714489334e-15,高风险
白山市,7.154770603139898e-16,-9.868649107779169e-17,-4.9343245538895844e-17,-9.868649107779169e-17,0,橙色预警,10.654822259842435,3.0,2.08644285591024,0.0,高风险
玉溪市,6.322103334671031e-16,-4.9343245538895844e-17,4.9343245538895844e-17,0.0,0,橙色预警,2.685468939636755,1.3529411764705883,1.9201925004032043,6.315935428978668e-15,高风险
吉林市,-1.0238723449320887e-15,-8.635067969306773e-17,0.0,9.868649107779169e-17,2,红色预警,1.9579164566100702,1.725,2.2413918586061476,-3.947459643111668e-15,高风险
滨州市,-1.2335811384723962e-16,-1.1102230246251565e-16,0.0,4.9343245538895844e-17,1,橙色预警,2.5490021653305606,1.1774193548387095,1.9074379849622751,-3.157967714489334e-15,高风险
湛江市,-6.661338147750939e-16,4.9343245538895844e-17,0.0,7.401486830834377e-17,2,无预警,1.3139020575115143,0.8888888888888888,1.9441128682387534,-1.105288700071267e-14,高风险
佳木斯市,6.41462192005646e-16,-1.2335811384723961e-17,0.0,-9.868649107779169e-17,0,橙色预警,57.53278470296452,2.7142857142857144,1.926950533578042,-1.578983857244667e-15,高风险
河源市,-2.590520390792032e-16,1.2335811384723962e-16,0.0,0.0,1,红色预警,2.0482398562762616,1.2857142857142856,2.0546719406300467,7.894919286223335e-16,高风险
廊坊市,-4.810966440042345e-16,-9.868649107779169e-17,0.0,4.9343245538895844e-17,2,无预警,1.6999428216479848,0.8736263736263736,1.9036176663239108,-1.2631870857957336e-14,高风险
乌鲁木齐市,-4.0091387000352876e-16,-1.2335811384723962e-16,0.0,9.868649107779169e-17,1,红色预警,1.9261536092512381,1.576,2.2539097337776206,3.947459643111668e-15,高风险
临汾市,-4.934324553889585e-16,2.4671622769447922e-17,-9.868649107779169e-17,0.0,2,橙色预警,3.6579139035825863,2.0588235294117645,2.0136943864982433,-1.5000346643824338e-14,高风险
阳江市,3.20731096002823e-16,1.2335811384723961e-17,-9.868649107779169e-17,-7.401486830834377e-17,0,橙色预警,1.9172529989196074,1.1428571428571428,1.9175848659992967,5.526443500356335e-15,高风险
锦州市,7.031412489292658e-16,-7.709882115452476e-17,4.9343245538895844e-17,0.0,0,橙色预警,3.2256929440548214,1.263157894736842,1.9673160939616805,-7.894919286223335e-16,高风险
鹤岗市,5.982868521591122e-16,-9.868649107779169e-17,4.9343245538895844e-17,0.0,0,橙色预警,7795.665444321365,6.5,1.9317757834769973,-1.578983857244667e-15,高风险
金昌市,-2.4671622769447924e-16,-1.2335811384723962e-16,4.9343245538895844e-17,2.4671622769447922e-17,1,橙色预警,-10.971163905174006,4.333333333333333,1.9494753322333342,-3.947459643111668e-15,高风险
黑河市,2.713878504639272e-16,-2.4671622769447922e-17,0.0,0.0,0,橙色预警,-28.377417983063783,5.0,2.1809590491847426,3.157967714489334e-15,高风险
韶关市,2.220446049250313e-16,9.868649107779169e-17,-9.868649107779169e-17,-9.868649107779169e-17,0,红色预警,1.6627654229359639,1.0,1.9836733701220421,-7.105427357601002e-15,高风险
齐齐哈尔市,5.258139602738588e-16,-7.401486830834377e-17,0.0,-4.9343245538895844e-17,0,橙色预警,-292.0851722565344,5.6,2.0836570552048186,0.0,高风险
遵义市,5.427757009278544e-16,-1.7270135938613546e-16,0.0,0.0,0,橙色预警,3.19005746229998,1.8250000000000002,2.0452955006785345,5.921189464667502e-15,高风险
安顺市,0.0,1.1102230246251565e-16,0.0,0.0,1,橙色预警,5.2996468992117265,1.9333333333333331,1.918089476924028,-7.105427357601002e-15,高风险
通化市,0.0,1.4802973661668753e-16,0.0,0.0,1,橙色预警,5.098450428652917,2.4,2.4935940834992096,-2.3684757858670005e-15,高风险
三亚市,-2.4671622769447924e-16,4.9343245538895844e-17,0.0,0.0,1,黄色预警,0.09652524939744378,0.12202380952380953,1.1849219169885206,0.0,低风险
沈阳市,-6.41462192005646e-16,1.4802973661668753e-16,-2.4671622769447922e-17,0.0,2,无预警,0.3935476428431324,0.38132295719844356,1.1557087028739963,-1.578983857244667e-14,低风险
平凉市,-2.4671622769447922e-17,-1.2335811384723962e-16,0.0,6.167905692361981e-17,1,无预警,-0.611210133695901,-0.4,0.6288699074902407,-2.3684757858670005e-15,低风险
永州市,-9.868649107779169e-17,-1.2335811384723962e-16,7.401486830834377e-17,3.700743415417188e-17,1,无预警,-0.15763819233633491,-0.06779661016949157,0.9633888806037142,-3.947459643111668e-15,低风险
广元市,4.6876083261951055e-16,4.3175339846533865e-16,2.4671622769447922e-17,-4.9343245538895844e-17,0,无预警,-0.0688313419812625,0.04878048780487809,1.020605637578087,-7.894919286223336e-15,低风险
广安市,3.4540271877227093e-16,7.401486830834377e-17,-4.9343245538895844e-17,-7.401486830834377e-17,0,无预警,-0.677853306878428,-0.34883720930232553,0.28121250709005585,-1.578983857244667e-15,低风险
河池市,0.0,9.868649107779169e-17,2.4671622769447922e-17,4.9343245538895844e-17,1,无预警,0.1518182302491009,0.10344827586206895,1.2430659291640453,-6.315935428978668e-15,低风险
汉中市,-8.141635513917814e-16,0.0,0.0,8.635067969306773e-17,2,无预警,-0.40899801981352846,-0.06666666666666665,0.3462969361578717,-7.894919286223336e-15,低风险
怀化市,-3.9474596431116675e-16,-9.868649107779169e-17,-2.4671622769447922e-17,4.9343245538895844e-17,1,无预警,-0.245521589946754,-0.125,1.0373779591840775,-8.68441121484567e-15,低风险
广州市,-2.713878504639272e-16,1.7270135938613546e-16,4.9343245538895844e-17,6.167905692361981e-17,1,无预警,0.04665835189127798,0.02753149790013998,0.8070535982506992,-5.0527483431829344e-14,低风险
株洲市,-2.220446049250313e-16,-2.4671622769447922e-17,2.4671622769447922e-17,7.401486830834377e-17,1,黄色预警,0.25301584371490793,0.1594202898550725,1.260824573308167,-3.947459643111668e-15,低风险
成都市,1.4802973661668753e-16,-2.4671622769447922e-17,7.401486830834377e-17,3.700743415417188e-17,1,无预警,0.01618086356148174,0.034482758620689724,0.7884741873226683,1.5158245029548803e-13,低风险
延安市,-7.894919286223335e-16,-3.0839528461809905e-17,2.4671622769447922e-17,8.635067969306773e-17,2,无预警,-0.2240392346620299,-0.06521739130434778,0.7749983817089005,-9.473903143468002e-15,低风险
松原市,8.881784197001252e-16,7.401486830834377e-17,-4.9343245538895844e-17,-1.4802973661668753e-16,0,无预警,-0.15603836323906772,0.08695652173913038,1.2147945582997175,-6.315935428978668e-15,低风险
杭州市,-7.401486830834377e-17,-1.7270135938613546e-16,0.0,0.0,1,黄色预警,0.5090536942544686,0.31862745098039214,1.2542900943762543,3.789561257387201e-14,低风险
来宾市,-2.4671622769447924e-16,9.868649107779169e-17,2.4671622769447922e-17,2.4671622769447922e-17,1,无预警,-0.404572521976602,-0.18181818181818177,0.7998994201059679,-1.578983857244667e-15,低风险
张掖市,-3.4540271877227093e-16,9.868649107779169e-17,4.9343245538895844e-17,7.401486830834377e-17,1,无预警,-0.2563719529785905,-0.09999999999999998,1.0203051324189496,-5.526443500356335e-15,低风险
德阳市,-5.674473236973022e-16,1.4802973661668753e-16,0.0,3.0839528461809905e-17,2,无预警,-0.6865840473636701,-0.3291139240506329,0.3663028500239452,-6.315935428978668e-15,低风险
景德镇市,9.868649107779169e-17,9.868649107779169e-17,-4.9343245538895844e-17,-1.2335811384723962e-16,1,黄色预警,0.1998004044664965,0.15384615384615374,1.226746967685522,3.947459643111668e-15,低风险
泉州市,7.401486830834377e-17,-2.9605947323337506e-16,-2.4671622769447922e-17,0.0,1,无预警,-0.06737288697963895,0.040598290598290676,0.6659769109086727,-1.0263395072090336e-14,低风险
攀枝花市,-1.315691383001965e-15,2.4671622769447924e-16,2.4671622769447922e-17,1.356939252319636e-16,2,无预警,-0.3333372575182989,-0.17647058823529416,0.7155010945981123,-6.315935428978668e-15,低风险
榆林市,0.0,7.401486830834377e-17,-2.4671622769447922e-17,-2.4671622769447922e-17,1,无预警,0.3290287978986912,0.13978494623655924,0.7379114857223381,-9.473903143468002e-15,低风险
益阳市,1.9737298215558337e-16,9.868649107779169e-17,2.4671622769447922e-17,-3.700743415417188e-17,0,无预警,-0.5809996305919884,-0.3414634146341463,0.6321908266713187,1.578983857244667e-15,低风险
泸州市,1.4802973661668753e-16,-2.4671622769447924e-16,0.0,-2.4671622769447922e-17,1,无预警,0.5036318731937182,0.1692307692307693,1.1068571715999607,-1.578983857244667e-15,低风险
淮安市,1.7270135938613546e-16,0.0,0.0,0.0,1,黄色预警,0.16765028622607114,0.2546583850931676,1.2153111950279079,-3.9474596431116675e-16,低风险
黄石市,-1.2335811384723962e-16,0.0,-4.9343245538895844e-17,-2.4671622769447922e-17,1,无预警,0.1649228001958134,0.16417910447761197,1.2766972264254721,-3.157967714489334e-15,低风险
鹰潭市,-1.9737298215558337e-16,0.0,7.401486830834377e-17,9.868649107779169e-17,1,黄色预警,0.20229168383923057,0.16666666666666674,1.2987700000565847,-1.578983857244667e-15,低风险
鸡西市,6.908054375445419e-16,-9.868649107779169e-17,-7.401486830834377e-17,-1.2335811384723962e-16,0,无预警,-0.32652095553244587,-0.19999999999999996,1.012145092578963,-3.157967714489334e-15,低风险
雅安市,-4.194175870806147e-16,-2.4671622769447922e-17,7.401486830834377e-17,1.1102230246251565e-16,2,无预警,2.0142293201039205,0.33333333333333326,0.6536854625417011,-3.947459643111668e-15,低风险
长沙市,3.9474596431116675e-16,0.0,-7.401486830834377e-17,-9.868649107779169e-17,0,无预警,-0.11022480411759039,-0.048402255639097724,1.0878209539889587,-7.579122514774402e-14,低风险
铜川市,3.9474596431116675e-16,1.9737298215558337e-16,4.9343245538895844e-17,0.0,0,无预警,2.286488759399367,0.7222222222222223,0.5735063680912645,-1.578983857244667e-15,低风险
金华市,0.0,2.4671622769447924e-16,0.0,-4.9343245538895844e-17,1,黄色预警,0.1929140440272994,0.18333333333333335,1.1258831651719858,1.8947806286936004e-14,低风险
邵阳市,-3.20731096002823e-16,0.0,2.4671622769447922e-17,3.700743415417188e-17,1,无预警,-0.32462571569274545,-0.10909090909090913,0.9015721759504861,-1.105288700071267e-14,低风险
遂宁市,-5.674473236973022e-16,1.9737298215558337e-16,-2.4671622769447922e-17,4.3175339846533866e-17,2,无预警,-0.7184566590780666,-0.3157894736842105,0.2618105641306742,-4.736951571734001e-15,低风险
连云港市,1.2335811384723962e-16,3.577385301569949e-16,-4.9343245538895844e-17,-9.868649107779169e-17,1,无预警,-0.2733466792017666,-0.1435406698564593,1.1165406416163708,-1.578983857244667e-15,低风险
达州市,-6.41462192005646e-16,7.401486830834377e-16,0.0,2.4671622769447922e-17,2,无预警,-0.8094335852617073,-0.3125,0.1779031486709608,-9.473903143468002e-15,低风险
辽阳市,-1.7886926507849745e-16,4.9343245538895844e-17,-7.401486830834377e-17,-7.401486830834377e-17,1,无预警,-0.22513554553251913,-0.2222222222222222,1.1489648743767786,0.0,低风险
资阳市,2.220446049250313e-16,1.4802973661668753e-16,-7.401486830834377e-17,-9.868649107779169e-17,0,无预警,-0.18210937028669305,-0.09090909090909094,0.613758821291261,-4.736951571734001e-15,低风险
贵港市,5.921189464667501e-16,0.0,-2.4671622769447922e-17,-4.9343245538895844e-17,0,无预警,1.2625158639554037,0.5714285714285714,1.2247610390760404,-1.578983857244667e-15,低风险
西安市,-9.868649107779169e-17,-9.868649107779169e-17,-7.401486830834377e-17,-3.700743415417188e-17,1,无预警,-0.385178163089569,-0.16763714373276128,0.7451151422683765,-1.2631870857957337e-13,低风险
衡阳市,4.6876083261951055e-16,7.401486830834377e-17,-9.868649107779169e-17,-1.4802973661668753e-16,0,黄色预警,0.07120708745762161,0.11570247933884303,1.0659843673526113,7.894919286223335e-16,低风险
莆田市,1.4802973661668753e-16,0.0,2.4671622769447922e-17,0.0,1,无预警,0.44821870849344814,0.056657223796033884,0.9790914956597653,1.578983857244667e-15,低风险
芜湖市,2.9605947323337506e-16,-4.194175870806147e-16,2.4671622769447922e-17,2.4671622769447922e-17,0,无预警,-0.5363728169660796,-0.34094256259204714,0.7561275353698018,0.0,低风险
自贡市,9.868649107779169e-17,-9.868649107779169e-17,1.2335811384723961e-17,4.3175339846533866e-17,1,无预警,-0.6957170946559152,-0.4242424242424242,0.3221905210895388,-1.578983857244667e-15,低风险
绵阳市,0.0,-2.4671622769447922e-17,4.9343245538895844e-17,4.9343245538895844e-17,1,无预警,1.2616312162447185,0.47540983606557385,1.0142149406572103,2.3684757858670005e-15,低风险
绍兴市,9.868649107779169e-17,-1.4802973661668753e-16,0.0,2.4671622769447922e-17,1,黄色预警,0.05511924301877946,0.072072072072072,1.1363211222881116,-1.105288700071267e-14,低风险
福州市,-2.9605947323337506e-16,1.2335811384723962e-16,-1.2335811384723961e-17,4.9343245538895844e-17,1,无预警,-0.21927837182299925,-0.11477987421383651,0.5772855840596098,1.2631870857957336e-14,低风险
石嘴山市,-1.2335811384723962e-16,-1.2335811384723962e-16,-2.4671622769447922e-17,0.0,1,无预警,-0.42556639002405006,-0.2857142857142857,0.8259093478512551,-9.473903143468002e-15,低风险
巴中市,2.4671622769447924e-16,9.868649107779169e-17,-3.700743415417188e-17,-6.167905692361981e-17,0,无预警,-0.5895762310182106,-0.1923076923076923,0.27854436834346596,-4.736951571734001e-15,低风险
白银市,-1.2335811384723962e-16,-1.9737298215558337e-16,2.4671622769447922e-17,7.401486830834377e-17,1,无预警,-0.45730945280473845,-0.20833333333333337,0.8558163960844498,1.578983857244667e-15,低风险
玉林市,2.713878504639272e-16,0.0,-2.4671622769447922e-17,-4.9343245538895844e-17,0,黄色预警,0.16345381255754732,0.18181818181818188,1.1952027871556705,-1.578983857244667e-15,低风险
漳州市,2.220446049250313e-16,7.401486830834377e-17,-8.635067969306773e-17,-9.868649107779169e-17,0,无预警,-0.3877031631670693,-0.17845117845117842,0.5538784920844861,-1.578983857244667e-14,低风险
渭南市,8.018277400070575e-16,8.018277400070575e-16,-1.2335811384723961e-17,-1.356939252319636e-16,0,无预警,-0.47129227888933345,-0.22448979591836737,0.7232718631125182,1.578983857244667e-15,低风险
温州市,1.9737298215558337e-16,0.0,-4.9343245538895844e-17,-4.9343245538895844e-17,0,黄色预警,0.3552170178573322,0.23320158102766797,1.1224815201682319,9.473903143468002e-15,低风险
常州市,1.9737298215558337e-16,-2.4671622769447924e-16,9.868649107779169e-17,1.2335811384723962e-16,1,无预警,-0.11558846753698127,0.023622047244094446,1.097557914064092,2.4079503822981173e-14,低风险
龙岩市,2.713878504639272e-16,-1.3877787807814457e-16,7.401486830834377e-17,7.401486830834377e-17,0,无预警,-0.08480961976386148,-0.10582010582010581,0.7383151458458123,2.3684757858670005e-15,低风险
亳州市,-2.9605947323337506e-16,-1.7270135938613546e-16,6.1679056923619804e-18,3.0839528461809905e-17,1,无预警,-1.0196622780864653,-0.7738095238095238,-0.03933347080290489,-6.315935428978668e-15,低风险
乐山市,0.0,9.868649107779169e-17,4.9343245538895844e-17,2.4671622769447922e-17,1,无预警,-0.41236566854973045,-0.1578947368421053,0.6890438386754099,0.0,低风险
丽水市,-7.401486830834377e-17,7.401486830834377e-17,-7.401486830834377e-17,-4.9343245538895844e-17,1,无预警,0.9059585183078664,0.4722222222222223,1.230252412589011,-6.118562446823085e-15,低风险
宁波市,3.7007434154171886e-16,1.2335811384723962e-16,0.0,-4.9343245538895844e-17,0,黄色预警,0.3385389064018156,0.24132231404958682,1.2152807388861726,3.473764485938268e-14,低风险
内江市,-4.6876083261951055e-16,1.1102230246251565e-16,-2.4671622769447922e-17,2.4671622769447922e-17,2,无预警,-0.3951629142153913,-0.2222222222222222,0.8114239244858852,-9.473903143468002e-15,低风险
儋州市,2.713878504639272e-16,-7.401486830834377e-17,-2.4671622769447922e-17,-4.9343245538895844e-17,0,黄色预警,0.13316215281070476,0.09401709401709413,1.0478624411257718,0.0,低风险
安康市,2.4671622769447922e-17,-1.850371707708594e-17,4.9343245538895844e-17,2.4671622769447922e-17,1,无预警,-0.17136630669563446,-0.07843137254901966,0.8655409801700635,0.0,低风险
乌海市,-1.4802973661668753e-16,-8.635067969306773e-17,2.4671622769447922e-17,4.9343245538895844e-17,1,无预警,-0.5960718583655409,-0.33333333333333337,0.6706765457713804,-3.157967714489334e-15,低风险
南京市,-3.9474596431116675e-16,-2.220446049250313e-16,0.0,7.401486830834377e-17,1,无预警,0.008804617686594574,0.016410256410256396,1.2522006054148056,-1.2631870857957337e-13,低风险
南充市,1.2335811384723962e-16,-1.356939252319636e-16,-7.401486830834377e-17,-7.401486830834377e-17,1,无预警,-0.535174792159911,-0.2845528455284553,0.6697166216320041,-9.473903143468002e-15,低风险
宜宾市,9.868649107779169e-17,9.868649107779169e-17,6.1679056923619804e-18,6.1679056923619804e-18,1,无预警,-1.0157326200040377,-0.40217391304347827,-0.011916582639297013,7.894919286223335e-16,低风险
商洛市,-5.674473236973022e-16,1.7270135938613546e-16,-9.868649107779169e-17,-2.4671622769447922e-17,2,无预警,-0.5246825726901663,-0.29166666666666663,0.5243216199852769,-7.894919286223336e-15,低风险
宁德市,0.0,5.474016301971258e-17,-4.9343245538895844e-17,-2.4671622769447922e-17,1,无预警,6.017775285044203,0.7407407407407407,1.052665738153707,-3.157967714489334e-15,低风险
吉安市,-9.868649107779169e-17,-2.9605947323337506e-16,2.4671622769447922e-17,4.9343245538895844e-17,1,无预警,-0.07356547480188746,0.030612244897959107,1.095369621047938,-7.500173321912169e-15,低风险
上饶市,2.4671622769447924e-16,-4.9343245538895844e-17,-7.401486830834377e-17,-2.4671622769447922e-17,0,黄色预警,0.06564243163917727,0.06557377049180335,1.1623997376827837,-5.526443500356335e-15,低风险
岳阳市,2.4671622769447924e-16,-9.868649107779169e-17,-4.9343245538895844e-17,-8.635067969306773e-17,0,无预警,-0.44958766242946824,-0.25609756097560976,0.7483625235062524,-3.947459643111668e-15,低风险
宝鸡市,-9.375216652390211e-16,4.9343245538895844e-17,0.0,9.868649107779169e-17,2,黄色预警,0.06504114981952225,0.1875,1.196130114788498,-7.105427357601002e-15,低风险
三明市,-3.7007434154171886e-16,0.0,4.9343245538895844e-17,4.9343245538895844e-17,1,无预警,1.0848745524073902,0.4065934065934067,1.214801525163368,-1.578983857244667e-15,低风险
云浮市,-1.356939252319636e-16,6.167905692361981e-17,2.4671622769447922e-17,7.401486830834377e-17,1,无预警,-0.1040046107756959,0.0,1.2921755906815664,-6.315935428978668e-15,低风险
宿迁市,-3.4540271877227093e-16,-2.9605947323337506e-16,4.9343245538895844e-17,9.868649107779169e-17,1,无预警,-0.34489581858116003,-0.22529644268774707,0.9324632256535077,1.578983857244667e-15,低风险
台州市,-2.713878504639272e-16,-9.868649107779169e-17,9.868649107779169e-17,9.868649107779169e-17,1,无预警,-0.08319400987211079,0.022222222222222143,0.9901489708297833,-4.736951571734001e-15,低风险
嘉兴市,-2.713878504639272e-16,1.4802973661668753e-16,-7.401486830834377e-17,-4.9343245538895844e-17,1,无预警,0.7240849189342002,0.37872340425531914,1.1881615523950413,-1.8947806286936004e-14,低风险
许昌市,4.9343245538895844e-17,4.9343245538895844e-17,0.0,0.0,1,无预警,1.544691667474623,0.8461538461538463,1.6477399231367678,-2.7632217501781674e-15,中风险
衢州市,3.4540271877227093e-16,-9.868649107779169e-17,9.868649107779169e-17,2.4671622769447922e-17,0,黄色预警,1.4517848666426993,0.7346938775510203,1.4531636372415226,1.578983857244667e-15,中风险
襄阳市,-5.181040781584064e-16,-1.9737298215558337e-16,-4.9343245538895844e-17,0.0,2,黄色预警,0.9824320635524884,0.797979797979798,1.8729825142117655,-7.894919286223336e-15,中风险
西宁市,-2.4671622769447924e-16,-4.194175870806147e-16,0.0,4.9343245538895844e-17,1,黄色预警,0.9539319567482156,0.9240506329113924,1.6798946684015006,3.157967714489334e-15,中风险
克拉玛依市,7.894919286223335e-16,3.4540271877227093e-16,-9.868649107779169e-17,-1.7270135938613546e-16,0,无预警,1.4531840241860934,0.875,1.3966632089062394,-3.157967714489334e-15,中风险
贺州市,4.194175870806147e-16,4.9343245538895844e-17,0.0,-4.9343245538895844e-17,0,黄色预警,0.9347259619266122,0.4444444444444444,1.468248851999886,-6.315935428978668e-15,中风险
贵阳市,1.2335811384723962e-16,-1.4802973661668753e-16,0.0,2.4671622769447922e-17,1,黄色预警,1.752012703460684,0.8235294117647058,1.8697538736268422,8.68441121484567e-15,中风险
保定市,9.868649107779169e-17,-9.868649107779169e-17,0.0,4.9343245538895844e-17,1,无预警,1.1202365693908436,0.7327188940092166,1.5482714215873576,0.0,中风险
信阳市,-1.9737298215558337e-16,7.401486830834377e-17,0.0,4.9343245538895844e-17,1,橙色预警,2.048895294937202,1.0208333333333335,1.737987888196621,-5.526443500356335e-15,中风险
赣州市,-4.9343245538895844e-17,1.4802973661668753e-16,-4.9343245538895844e-17,-4.9343245538895844e-17,1,黄色预警,1.1290400073490745,0.5990099009900991,1.5322708199389692,0.0,中风险
赤峰市,-5.921189464667501e-16,9.868649107779169e-17,0.0,2.4671622769447922e-17,2,橙色预警,2.6152653974913584,1.2608695652173911,1.6637374208161217,-7.894919286223335e-16,中风险
六安市,-3.9474596431116675e-16,0.0,0.0,2.4671622769447922e-17,1,橙色预警,2.1600865410255325,1.3424657534246576,1.820091215686534,-9.473903143468002e-15,中风险
佛山市,4.9343245538895844e-17,-7.401486830834377e-17,0.0,-2.4671622769447922e-17,1,无预警,2.276125421844174,0.981958762886598,1.861002157070369,1.8947806286936004e-14,中风险
保山市,-1.356939252319636e-16,-1.4802973661668753e-16,0.0,4.9343245538895844e-17,1,无预警,0.38703190098812956,0.3142857142857143,1.7816029672373077,-2.3684757858670005e-15,中风险
崇左市,-1.2335811384723961e-15,0.0,-9.868649107779169e-17,9.868649107779169e-17,2,黄色预警,0.902984973599132,0.6363636363636365,1.3588930578713316,-1.578983857244667e-15,中风险
衡水市,-4.6876083261951055e-16,-9.868649107779169e-17,-4.9343245538895844e-17,0.0,2,无预警,0.6341316249383078,0.35593220338983045,1.5410473503797117,-2.7632217501781674e-15,中风险
蚌埠市,3.4540271877227093e-16,2.4671622769447924e-16,0.0,-7.401486830834377e-17,0,无预警,1.549675918078146,0.8461538461538463,1.5894201768039449,0.0,中风险
眉山市,-9.868649107779169e-17,-1.9737298215558337e-16,-4.9343245538895844e-17,2.4671622769447922e-17,1,橙色预警,10.081863495284484,1.4249999999999998,1.3262314960495856,-1.0263395072090336e-14,中风险
南通市,6.41462192005646e-16,-4.9343245538895844e-17,9.868649107779169e-17,0.0,0,黄色预警,0.9209336569692328,0.5,1.4752204196455816,2.0132044179869506e-14,中风险
石家庄市,1.4802973661668753e-16,-4.9343245538895844e-17,0.0,2.4671622769447922e-17,1,橙色预警,2.2499063870382066,1.0153846153846153,1.6661949673843752,-9.473903143468002e-15,中风险
南昌市,0.0,-2.0970879354030734e-16,0.0,4.9343245538895844e-17,1,无预警,1.5008900854529452,0.7641509433962264,1.671688072245526,1.8947806286936004e-14,中风险
南平市,-4.194175870806147e-16,1.2335811384723962e-16,-2.4671622769447922e-17,0.0,2,无预警,0.8828935919766108,0.4329896907216495,1.3241100250279298,-3.157967714489334e-15,中风险
南宁市,2.220446049250313e-16,9.868649107779169e-17,0.0,-4.9343245538895844e-17,0,黄色预警,1.1815815619010848,0.5155440414507773,1.5886658472758857,9.473903143468002e-15,中风险
十堰市,3.9474596431116675e-16,-7.401486830834377e-17,-4.9343245538895844e-17,-4.9343245538895844e-17,0,黄色预警,2.204919550920387,0.8913043478260869,1.592877094395103,0.0,中风险
肇庆市,-7.401486830834377e-17,1.4802973661668753e-16,0.0,2.4671622769447922e-17,1,无预警,0.2687673790068521,0.15094339622641506,1.5142012717700828,-3.157967714489334e-15,中风险
北海市,3.7007434154171886e-16,-1.1102230246251565e-16,9.868649107779169e-17,2.4671622769447922e-17,0,黄色预警,0.48536780343628916,0.30000000000000004,1.4718456741335149,-1.578983857244667e-15,中风险
舟山市,-2.713878504639272e-16,-1.4802973661668753e-16,4.9343245538895844e-17,9.868649107779169e-17,1,黄色预警,1.1668815707715359,0.6511627906976745,1.3730951344393594,-3.9474596431116675e-16,中风险
北京市,3.20731096002823e-16,1.4802973661668753e-16,0.0,-2.4671622769447922e-17,0,橙色预警,10.423651369009091,2.473444613050076,1.8907668544200231,-2.5263741715914674e-13,中风险
苏州市,-1.9737298215558337e-16,0.0,-9.868649107779169e-17,-2.4671622769447922e-17,1,黄色预警,0.7190039088184885,0.4693333333333334,1.4597480771943616,-1.200027731505947e-13,中风险
茂名市,3.20731096002823e-16,-1.2335811384723962e-16,0.0,-2.4671622769447922e-17,0,无预警,0.5662852351797616,0.3137254901960784,1.6634343809074166,4.342205607422835e-15,中风险
荆州市,-5.921189464667501e-16,-7.401486830834377e-17,0.0,4.9343245538895844e-17,2,黄色预警,0.6656967038903341,0.3913043478260869,1.424323886355521,-7.105427357601002e-15,中风险
荆门市,2.4671622769447924e-16,1.9737298215558337e-16,9.868649107779169e-17,2.4671622769447922e-17,0,黄色预警,1.467687474182783,0.8695652173913044,1.6052952018320314,-1.578983857244667e-15,中风险
包头市,8.388351741612294e-16,-1.9737298215558337e-16,9.868649107779169e-17,0.0,0,橙色预警,1.9063817621885053,1.342857142857143,1.670137045454948,6.315935428978668e-15,中风险
伊春市,-1.1102230246251565e-16,0.0,6.344131569286608e-17,6.344131569286608e-17,1,橙色预警,5.778170284128473,2.0,1.5445509202668466,-4.0602442043434294e-15,中风险
萍乡市,-2.4671622769447924e-16,-3.9474596431116675e-16,0.0,4.9343245538895844e-17,1,橙色预警,-5.081350294258473,6.833333333333333,1.7055329030153972,-1.2631870857957336e-14,中风险
六盘水市,-3.20731096002823e-16,3.099372610411895e-16,0.0,0.0,1,无预警,0.8171559403342463,0.6111111111111112,1.7171845765345006,0.0,中风险
菏泽市,3.4540271877227093e-16,-9.868649107779169e-17,4.9343245538895844e-17,2.4671622769447922e-17,0,黄色预警,2.175201470393103,0.8240000000000001,1.572168876102607,6.315935428978668e-15,中风险
邯郸市,2.713878504639272e-16,0.0,-4.9343245538895844e-17,-7.401486830834377e-17,0,橙色预警,2.9986584812487123,1.0919540229885056,1.644752717900711,0.0,中风险
通辽市,-4.934324553889585e-16,0.0,0.0,0.0,2,橙色预警,3.1882807612907555,1.25,1.6854650938557296,1.578983857244667e-15,中风险
中卫市,3.4540271877227093e-16,2.2821251061739327e-16,0.0,-7.401486830834377e-17,0,无预警,0.23513455357272117,0.1578947368421053,1.4634465162566552,-3.947459643111668e-15,中风险
防城港市,7.401486830834377e-17,-7.401486830834377e-17,0.0,4.9343245538895844e-17,1,无预警,2.07374889991382,0.8666666666666667,1.4405837606328737,1.578983857244667e-15,中风险
临沂市,1.2335811384723962e-16,0.0,-4.9343245538895844e-17,-2.4671622769447922e-17,1,无预警,1.4974074067543914,0.7878787878787878,1.6345842669538304,-1.2631870857957336e-14,中风险
阳泉市,1.9737298215558337e-16,1.9737298215558337e-16,-4.9343245538895844e-17,-9.868649107779169e-17,0,橙色预警,331.4553098591525,2.625,1.822731116767737,-4.736951571734001e-15,中风险
陇南市,0.0,0.0,0.0,-2.4671622769447922e-17,1,橙色预警,-19.43959351993423,5.0,1.865469610509662,-3.157967714489334e-15,中风险
随州市,3.4540271877227093e-16,2.4671622769447924e-16,0.0,-4.9343245538895844e-17,0,黄色预警,1.8126463270023816,1.0,1.5706594591163885,0.0,中风险
中山市,6.167905692361981e-17,2.1587669923266933e-17,0.0,0.0,1,黄色预警,0.9336895400117413,0.515625,1.7119840218032951,3.9474596431116675e-16,中风险
青岛市,4.6876083261951055e-16,-3.5465457731081387e-17,0.0,0.0,0,黄色预警,1.1074359388489001,0.5101123595505619,1.5870059686490023,-1.578983857244667e-14,中风险
鞍山市,-6.106226635438361e-16,2.4671622769447922e-17,0.0,7.401486830834377e-17,2,黄色预警,0.5693975044812172,0.4347826086956521,1.7918506772048088,-1.578983857244667e-15,中风险
马鞍山市,2.9605947323337506e-16,-4.9343245538895844e-17,-4.9343245538895844e-17,-4.9343245538895844e-17,0,黄色预警,1.9965569734716424,0.972972972972973,1.5010189420814082,-3.947459643111668e-15,中风险
阜新市,0.0,2.7755575615628914e-17,2.7755575615628914e-17,2.7755575615628914e-17,1,黄色预警,0.9027969104188704,0.3571428571428572,1.4083026128404756,-5.329070518200751e-15,中风险
驻马店市,7.401486830834377e-17,9.868649107779169e-17,0.0,-4.9343245538895844e-17,1,橙色预警,2.4028095836560435,1.2571428571428571,1.7497645598442566,-7.105427357601002e-15,中风险
东营市,7.401486830834377e-17,4.9343245538895844e-17,0.0,0.0,1,黄色预警,2.2444626251160877,0.8,1.8086983020422103,1.578983857244667e-15,中风险
鹤壁市,0.0,-4.9343245538895844e-17,0.0,4.9343245538895844e-17,1,无预警,0.4240542289966145,0.23809523809523814,1.401131572508417,-3.157967714489334e-15,中风险
东莞市,-2.4671622769447924e-16,2.4671622769447922e-17,4.9343245538895844e-17,7.401486830834377e-17,1,黄色预警,0.7556500912116779,0.4914163090128756,1.5819093331771243,0.0,中风险
黄冈市,-4.934324553889585e-16,9.868649107779169e-17,0.0,0.0,2,橙色预警,1.4221399936867107,1.35,1.6681688314432472,-1.105288700071267e-14,中风险
黄山市,1.7270135938613546e-16,-1.9737298215558337e-16,0.0,2.4671622769447922e-17,1,无预警,0.42572670874996366,0.2142857142857142,1.6254379189830779,-9.473903143468002e-15,中风险
上海市,-1.7270135938613546e-16,4.9343245538895844e-17,-4.9343245538895844e-17,0.0,1,橙色预警,2.5349870507512415,1.431715210355987,1.681934003260007,-1.6421432115344537e-13,中风险
三门峡市,-4.934324553889585e-16,0.0,0.0,0.0,2,无预警,1.4041576849014077,0.7407407407407407,1.6081468698046957,-5.526443500356335e-15,中风险
阜阳市,5.921189464667501e-16,9.868649107779169e-17,0.0,-4.9343245538895844e-17,0,橙色预警,2.8158568099847647,1.223529411764706,1.7226547681021334,3.9474596431116675e-16,中风险
长治市,3.7007434154171886e-16,-7.709882115452476e-17,2.4671622769447922e-17,2.4671622769447922e-17,0,无预警,0.1409166299717186,0.10526315789473695,1.4466012727683004,-3.157967714489334e-15,中风险
九江市,-6.661338147750939e-16,-4.9343245538895844e-17,0.0,4.9343245538895844e-17,2,黄色预警,0.8071782294565548,0.48571428571428577,1.5660351686471135,-7.697546304067751e-15,中风险
乌兰察布市,6.41462192005646e-16,-9.868649107779169e-17,4.9343245538895844e-17,0.0,0,橙色预警,4.813379077587694,1.3636363636363638,1.6192478429831054,-7.894919286223335e-16,中风险
邢台市,2.9605947323337506e-16,4.9343245538895844e-17,-4.9343245538895844e-17,-2.4671622769447922e-17,0,橙色预警,5.098903993902996,1.5151515151515151,1.7081978652131733,5.526443500356335e-15,中风险
盐城市,-8.635067969306773e-16,-1.2212453270876722e-15,2.4671622769447922e-17,2.713878504639272e-16,2,黄色预警,0.008893509101819186,0.10439560439560447,1.3190826173481718,-1.6579330501069005e-14,中风险
郑州市,-3.9474596431116675e-16,9.868649107779169e-17,0.0,4.9343245538895844e-17,1,橙色预警,2.2384590446961923,1.099706744868035,1.7836392230870224,-1.2631870857957336e-14,中风险
郴州市,2.220446049250313e-16,-9.868649107779169e-17,0.0,-2.4671622769447922e-17,0,无预警,0.9922936384135799,0.618421052631579,1.4242208318725913,6.710681393289835e-15,中风险
鄂尔多斯市,-1.2335811384723962e-16,9.868649107779169e-17,-9.868649107779169e-17,-7.401486830834377e-17,1,橙色预警,5.439151609028332,1.7777777777777777,1.67116103628197,-9.079157179156835e-15,中风险
鄂州市,-1.2335811384723962e-16,-9.868649107779169e-17,0.0,7.401486830834377e-17,1,无预警,0.04544223271870362,0.26086956521739135,1.3737636766823917,-7.105427357601002e-15,中风险
酒泉市,3.20731096002823e-16,-4.9343245538895844e-17,0.0,-9.868649107779169e-17,0,橙色预警,6.90466047026889,1.5714285714285716,1.7957885211818776,7.894919286223335e-16,中风险
重庆市,-3.7007434154171886e-16,2.4671622769447922e-17,-9.868649107779169e-17,-4.9343245538895844e-17,1,黄色预警,2.847560164441105,0.9416884247171453,1.5366174877641978,-1.1368683772161603e-13,中风险
丽江市,6.553399798134604e-16,0.0,4.9343245538895844e-17,2.4671622769447922e-17,0,无预警,-0.03450147982120477,-0.08695652173913049,1.4384988664224012,-7.894919286223335e-16,中风险
临沧市,4.564250212347865e-16,-1.7886926507849745e-16,-4.9343245538895844e-17,-4.9343245538895844e-17,0,无预警,0.8158929599638178,0.33333333333333326,1.4557675912757997,0.0,中风险
钦州市,3.9474596431116675e-16,2.4671622769447922e-17,4.9343245538895844e-17,0.0,0,黄色预警,1.3514163971715023,0.6491228070175439,1.4764395343418526,3.157967714489334e-15,中风险
铁岭市,-1.7270135938613546e-15,1.9737298215558337e-16,4.9343245538895844e-17,1.9737298215558337e-16,2,黄色预警,0.6961895912990466,0.4285714285714286,1.7914978880170624,-9.473903143468002e-15,中风险
铜仁市,-5.181040781584064e-16,4.9343245538895844e-17,7.401486830834377e-17,1.4802973661668753e-16,2,无预警,0.29300749755945166,0.08000000000000007,1.5155335285447573,-1.0263395072090336e-14,中风险
铜陵市,2.9605947323337506e-16,-2.220446049250313e-16,0.0,-2.4671622769447922e-17,0,无预警,1.832512923368303,0.9444444444444444,1.6487417712946768,-7.894919286223335e-16,中风险
银川市,0.0,-3.20731096002823e-16,9.868649107779169e-17,9.868649107779169e-17,1,黄色预警,0.6252225877796584,0.5025380710659899,1.4758603776457568,-2.3684757858670005e-15,中风险
丹东市,-2.590520390792032e-16,-4.9343245538895844e-17,-7.401486830834377e-17,0.0,1,黄色预警,0.228625653875155,0.1428571428571428,1.453143655831125,-4.736951571734001e-15,中风险
镇江市,2.1587669923266932e-16,1.7270135938613546e-16,0.0,-2.4671622769447922e-17,0,黄色预警,0.18763576797352455,0.09565217391304337,1.617240489166245,3.157967714489334e-15,中风险
长春市,-1.9737298215558337e-16,-3.700743415417188e-17,0.0,4.9343245538895844e-17,1,无预警,0.7977396252338351,0.8291814946619218,1.7679301909412526,1.4210854715202004e-14,中风险
盘锦市,9.251858538542972e-16,-1.850371707708594e-17,0.0,-4.9343245538895844e-17,0,黄色预警,1.0061006244308173,0.40740740740740744,1.5381436481324673,-5.526443500356335e-15,中风险
珠海市,-7.401486830834377e-17,2.4671622769447924e-16,-4.9343245538895844e-17,-7.401486830834377e-17,1,黄色预警,0.346162468692528,0.31666666666666665,1.4318801795680725,-1.4210854715202004e-14,中风险
南阳市,-4.9343245538895844e-17,0.0,-9.868649107779169e-17,-9.868649107779169e-17,1,橙色预警,2.2921965103725044,1.0941176470588236,1.6965140337691933,-4.736951571734001e-15,中风险
朝阳市,1.1102230246251565e-16,7.401486830834377e-17,-9.868649107779169e-17,-7.401486830834377e-17,1,无预警,0.6708348179173007,0.4358974358974359,1.8499812444969321,1.578983857244667e-15,中风险
新余市,2.4671622769447922e-17,-1.4802973661668753e-16,4.9343245538895844e-17,4.9343245538895844e-17,1,黄色预警,1.0976456023546506,0.5517241379310345,1.3243151581832264,0.0,中风险
无锡市,-1.4802973661668753e-16,2.4671622769447924e-16,4.9343245538895844e-17,4.9343245538895844e-17,1,黄色预警,0.6349752355623022,0.3980263157894737,1.4430040503607593,5.723816482511918e-15,中风险
日照市,1.2335811384723962e-16,0.0,9.868649107779169e-17,7.401486830834377e-17,1,黄色预警,1.5795400284553716,0.8442622950819672,1.5771444326300896,5.526443500356335e-15,中风险
昭通市,1.4186183092432555e-16,-5.921189464667501e-16,-4.9343245538895844e-17,0.0,1,黄色预警,0.1854809576369576,0.054054054054053946,1.4183563830131634,-9.473903143468002e-15,中风险
晋中市,-9.12850042469573e-16,4.9343245538895844e-17,9.868649107779169e-17,1.4802973661668753e-16,2,橙色预警,5.4671724635922505,1.34375,1.7807542533556144,-7.105427357601002e-15,中风险
晋城市,4.440892098500626e-16,9.868649107779169e-17,9.868649107779169e-17,0.0,0,无预警,1.6701700950824563,0.9705882352941178,1.673726068918846,-1.578983857244667e-15,中风险
孝感市,5.921189464667501e-16,2.4671622769447922e-17,0.0,-7.401486830834377e-17,0,橙色预警,1.9619332742537234,1.0333333333333332,1.6983239434499986,7.894919286223335e-16,中风险
曲靖市,-5.921189464667501e-16,-2.713878504639272e-16,0.0,1.4802973661668753e-16,2,无预警,-0.051450658891568635,-0.02777777777777779,1.3824077584421142,-1.0263395072090336e-14,中风险
朔州市,3.4540271877227093e-16,-7.401486830834377e-17,0.0,-2.4671622769447922e-17,0,橙色预警,19.070938289496066,3.25,1.7569918163941678,1.578983857244667e-15,中风险
娄底市,-3.7007434154171886e-16,-7.401486830834377e-17,4.9343245538895844e-17,9.868649107779169e-17,1,无预警,0.44728556871430203,0.24137931034482762,1.4623454991122138,-3.157967714489334e-15,中风险
百色市,2.9605947323337506e-16,9.868649107779169e-17,0.0,-4.9343245538895844e-17,0,无预警,1.8033086416216042,1.0,1.6328420726762476,0.0,中风险
威海市,5.674473236973022e-16,-2.220446049250313e-16,0.0,-4.9343245538895844e-17,0,黄色预警,0.5802455741657515,0.4177215189873418,1.6830017257382779,-1.1842378929335002e-15,中风险
太原市,-9.868649107779169e-17,-9.868649107779169e-17,4.9343245538895844e-17,9.868649107779169e-17,1,橙色预警,6.398318694616462,2.5384615384615383,1.7585953327603336,3.157967714489334e-15,中风险
天津市,1.2335811384723961e-17,4.9343245538895844e-17,-4.9343245538895844e-17,-4.9343245538895844e-17,1,黄色预警,0.27540825281591763,0.2852760736196318,1.5854609503096229,-1.8947806286936004e-14,中风险
枣庄市,-2.713878504639272e-16,-6.167905692361981e-17,0.0,4.9343245538895844e-17,1,无预警,0.39277780283754504,0.24651162790697678,1.4109514231289846,-6.315935428978668e-15,中风险
天水市,-2.220446049250313e-16,-9.868649107779169e-17,9.868649107779169e-17,7.401486830834377e-17,1,无预警,0.9949229461752453,0.7692307692307692,1.555542304752783,-7.894919286223335e-16,中风险
大庆市,-2.4671622769447924e-16,7.401486830834377e-17,-9.868649107779169e-17,-4.9343245538895844e-17,1,橙色预警,3.160001151351702,1.5789473684210527,1.873528012557351,-1.578983857244667e-15,中风险
桂林市,-5.181040781584064e-16,-2.713878504639272e-16,0.0,4.9343245538895844e-17,2,黄色预警,0.39286868548797615,0.2264150943396226,1.3161016916862411,-1.5000346643824338e-14,中风险
梅州市,0.0,-4.9343245538895844e-17,4.9343245538895844e-17,4.9343245538895844e-17,1,黄色预警,0.9234211097303178,0.605263157894737,1.7501077572747568,-1.578983857244667e-15,中风险
梧州市,-5.921189464667501e-16,-1.4802973661668753e-16,0.0,4.9343245538895844e-17,2,无预警,0.5125456604888183,0.303030303030303,1.444280086488314,-6.315935428978668e-15,中风险
新乡市,0.0,9.868649107779169e-17,0.0,0.0,1,无预警,0.981896973652302,0.6355140186915889,1.5738109153719542,0.0,中风险
安庆市,-1.9737298215558337e-16,2.9605947323337506e-16,9.868649107779169e-17,4.9343245538895844e-17,1,橙色预警,4.331573563249865,1.5306122448979593,1.7941029843360459,-1.1842378929335004e-14,中风险
揭阳市,1.4802973661668753e-16,-4.9343245538895844e-17,0.0,0.0,1,无预警,1.1004783982913193,0.6363636363636365,1.8529377543625611,4.736951571734001e-15,中风险
抚顺市,0.0,9.868649107779169e-17,2.4671622769447922e-17,4.9343245538895844e-17,1,无预警,1.8918332409833485,0.7837837837837838,1.5796173749671238,-5.526443500356335e-15,中风险
常德市,-1.4802973661668753e-16,2.4671622769447922e-17,4.9343245538895844e-17,7.401486830834377e-17,1,黄色预警,0.17291788797053997,-0.06896551724137934,1.4925895200206951,-6.315935428978668e-15,中风险
平顶山市,4.6876083261951055e-16,0.0,0.0,-7.401486830834377e-17,0,橙色预警,3.937986562149969,1.774193548387097,1.7734171690196094,6.315935428978668e-15,中风险
宿州市,-1.4802973661668753e-16,7.401486830834377e-17,0.0,0.0,1,橙色预警,2.4637572969585686,1.0408163265306123,1.729844797386503,-9.868649107779169e-15,中风险
宣城市,-6.908054375445419e-16,-7.401486830834377e-17,4.9343245538895844e-17,1.2335811384723962e-16,2,无预警,0.881812883236252,0.6666666666666667,1.6497025740243485,-5.526443500356335e-15,中风险
庆阳市,-3.9474596431116675e-16,9.868649107779169e-17,-4.9343245538895844e-17,-4.9343245538895844e-17,1,橙色预警,1.9974634408179326,1.1111111111111112,1.6295431935020621,-1.0263395072090336e-14,中风险
宜春市,1.9737298215558337e-16,-4.9343245538895844e-17,0.0,-4.9343245538895844e-17,0,橙色预警,3.755539779102433,1.3541666666666665,1.7456388197720574,-3.157967714489334e-15,中风险
宜昌市,-8.141635513917814e-16,-2.713878504639272e-16,9.868649107779169e-17,1.7270135938613546e-16,2,橙色预警,9.764376843102315,1.858974358974359,1.7475570259104538,-7.894919286223335e-16,中风险
开封市,4.440892098500626e-16,4.9343245538895844e-17,4.9343245538895844e-17,-2.4671622769447922e-17,0,橙色预警,3.888032052731094,1.2166666666666668,1.7685429863647517,-1.1842378929335002e-15,中风险
张家口市,2.4671622769447922e-17,-1.9737298215558337e-16,0.0,0.0,1,无预警,1.384078847406521,0.8985507246376812,1.6828871870403386,-3.9474596431116675e-16,中风险
张家界市,2.9605947323337506e-16,-7.401486830834377e-17,0.0,-2.4671622769447922e-17,0,黄色预警,0.4337209399281783,0.3157894736842106,1.3309114370392197,3.157967714489334e-15,中风险
徐州市,2.220446049250313e-16,2.713878504639272e-16,2.4671622769447922e-17,0.0,0,无预警,-0.00816271782510225,0.0702054794520548,1.3094014894587909,9.473903143468002e-15,中风险
德州市,-4.9343245538895844e-17,-1.4802973661668753e-16,9.868649107779169e-17,7.401486830834377e-17,1,黄色预警,2.6587403086909887,0.992,1.620162111201778,-4.736951571734001e-15,中风险
定西市,3.3306690738754696e-16,-9.868649107779169e-17,0.0,-4.9343245538895844e-17,0,无预警,0.3805333938726472,0.25,1.3643542228561496,-4.736951571734001e-15,中风险
忻州市,-4.934324553889585e-16,7.401486830834377e-17,-9.868649107779169e-17,-4.9343245538895844e-17,2,无预警,1.1236283675492214,0.7058823529411764,1.8438977880651315,-7.105427357601002e-15,中风险
安阳市,-2.4671622769447924e-16,0.0,4.9343245538895844e-17,4.9343245538895844e-17,1,无预警,1.729648318151701,0.8875,1.6337205784582078,-4.736951571734001e-15,中风险
惠州市,0.0,-1.4802973661668753e-16,0.0,2.4671622769447922e-17,1,无预警,1.761931821002594,0.6428571428571428,1.8181134142553796,-1.8947806286936004e-14,中风险
扬州市,3.20731096002823e-16,-3.4540271877227093e-16,2.4671622769447922e-17,2.4671622769447922e-17,0,黄色预警,0.006918644147297703,0.08080808080808088,1.3041528691822193,6.315935428978668e-15,中风险
承德市,-5.181040781584064e-16,1.7270135938613546e-16,4.9343245538895844e-17,4.9343245538895844e-17,2,橙色预警,1.8644818702147865,1.1724137931034484,1.754732408978573,-3.947459643111668e-15,中风险
抚州市,-1.7270135938613546e-16,-2.4671622769447922e-17,4.9343245538895844e-17,9.868649107779169e-17,1,黄色预警,0.9394529364083091,0.5373134328358209,1.459296936457446,-3.552713678800501e-15,中风险
固原市,0.0,0.0,0.0,-2.4671622769447922e-17,1,橙色预警,3.6203504662081682,1.6666666666666665,1.840615634525931,-3.157967714489334e-15,中风险
武威市,8.635067969306773e-17,3.0839528461809902e-18,-4.9343245538895844e-17,-4.9343245538895844e-17,1,黄色预警,1.3001165533260042,0.7777777777777777,1.8526514596306813,-4.736951571734001e-15,中风险
武汉市,0.0,1.7270135938613546e-16,0.0,-2.4671622769447922e-17,1,无预警,1.602902237091505,0.8282722513089005,1.7166325886723117,-1.2631870857957336e-14,中风险
深圳市,9.868649107779169e-17,-1.7886926507849745e-16,0.0,0.0,1,黄色预警,1.31270221245427,0.6307471264367817,1.6847567088574433,-2.5263741715914672e-14,中风险
呼和浩特市,-8.388351741612294e-16,9.868649107779169e-17,0.0,9.868649107779169e-17,2,橙色预警,8.046190170576796,3.511627906976744,1.7707509680745694,-3.947459643111668e-15,中风险
呼伦贝尔市,-2.4671622769447924e-16,1.881211236170404e-16,0.0,-2.4671622769447922e-17,1,无预警,0.5990601602894043,0.46666666666666656,1.6291394577896672,0.0,中风险
湖州市,2.713878504639272e-16,-4.9343245538895844e-17,4.9343245538895844e-17,2.4671622769447922e-17,0,黄色预警,1.250730804664813,0.6046511627906976,1.4127332138993944,3.157967714489334e-15,中风险
湘潭市,-2.713878504639272e-16,2.4671622769447922e-17,9.868649107779169e-17,4.9343245538895844e-17,1,黄色预警,0.15774815838862688,0.18518518518518512,1.3182384259722373,-2.3684757858670005e-15,中风险
周口市,7.154770603139898e-16,-7.401486830834377e-17,-4.9343245538895844e-17,-9.868649107779169e-17,0,无预警,0.9827058956031676,0.5764705882352941,1.561633855333706,7.894919286223335e-16,中风险
滁州市,-1.9737298215558337e-16,0.0,0.0,2.4671622769447922e-17,1,橙色预警,4.66066124272175,1.7555555555555555,1.8348604649641551,-1.1842378929335002e-15,中风险
吴忠市,3.4540271877227093e-16,-9.868649107779169e-17,0.0,0.0,0,无预警,1.449303058126985,0.8333333333333333,1.6923992462506268,5.526443500356335e-15,中风险
漯河市,-3.7007434154171886e-16,0.0,0.0,2.4671622769447922e-17,1,无预警,0.2821262037938783,0.22222222222222232,1.3510279087174524,-6.315935428978668e-15,中风险
吕梁市,4.440892098500626e-16,1.1102230246251565e-16,-4.9343245538895844e-17,-7.401486830834377e-17,0,橙色预警,1.7743906275822083,1.057142857142857,1.87130590843701,-7.105427357601002e-15,中风险
潍坊市,-1.2335811384723962e-16,-2.837236618486511e-16,0.0,4.9343245538895844e-17,1,无预警,1.3403836743347446,0.8082191780821917,1.8627633689829695,-1.578983857244667e-14,中风险
潮州市,-5.427757009278544e-16,1.2335811384723962e-16,-9.868649107779169e-17,-2.4671622769447922e-17,2,无预警,0.8745575211285608,0.5333333333333334,1.789624153269774,-7.894919286223336e-15,中风险
濮阳市,-1.1102230246251565e-16,1.4802973661668753e-16,0.0,0.0,1,黄色预警,1.462104242187479,0.7906976744186047,1.6561245749453701,-9.079157179156835e-15,中风险
烟台市,9.375216652390211e-16,-6.044547578514741e-16,0.0,-7.401486830834377e-17,0,黄色预警,1.0817222310357724,0.4423076923076923,1.6451131951996043,9.473903143468002e-15,中风险
焦作市,4.9343245538895844e-17,-1.4802973661668753e-16,-9.868649107779169e-17,-7.401486830834377e-17,1,无预警,1.3583292024838944,0.7894736842105263,1.6040284833284022,-8.68441121484567e-15,中风险
牡丹江市,-3.9474596431116675e-16,-7.401486830834377e-17,4.9343245538895844e-17,7.401486830834377e-17,1,黄色预警,0.8985510531931473,0.5833333333333333,1.6190458120850524,-3.157967714489334e-15,中风险
合肥市,0.0,-9.868649107779169e-17,-4.9343245538895844e-17,-4.9343245538895844e-17,1,黄色预警,0.8833262091300949,0.4388835418671799,1.4288104317453145,-3.473764485938268e-14,中风险
巴彦淖尔市,2.4671622769447924e-16,4.9343245538895844e-17,4.9343245538895844e-17,0.0,0,黄色预警,2.1112076183456963,0.8888888888888888,1.4958418612328603,1.578983857244667e-15,中风险
白城市,-1.4001145921661696e-15,4.440892098500626e-16,0.0,7.401486830834377e-17,2,橙色预警,6.460719135402603,2.0,1.8853431334474349,-1.1842378929335004e-14,中风险
厦门市,-7.401486830834377e-17,-1.9737298215558337e-16,0.0,2.4671622769447922e-17,1,黄色预警,0.6584190346702334,0.35299806576402326,1.3774590075580742,6.000138657529735e-14,中风险
清远市,9.868649107779169e-17,-2.4671622769447922e-17,9.868649107779169e-17,7.401486830834377e-17,1,无预警,0.15606308136431823,0.1470588235294117,1.5718982540900366,-7.894919286223336e-15,中风险
咸宁市,0.0,1.4802973661668753e-16,0.0,2.4671622769447922e-17,1,无预警,1.0376592644303275,0.6000000000000001,1.5816569242690584,-3.157967714489334e-15,中风险
四平市,-2.0970879354030734e-16,7.401486830834377e-17,7.401486830834377e-17,7.401486830834377e-17,1,黄色预警,0.06073133151533017,0.0625,1.6864807678135845,-3.157967714489334e-15,中风险
淮南市,2.4671622769447922e-17,2.713878504639272e-16,0.0,-4.9343245538895844e-17,1,无预警,0.6197842767566935,0.4571428571428571,1.5350645322530392,-7.894919286223336e-15,中风险
嘉峪关市,-3.7007434154171886e-16,-4.9343245538895844e-17,-4.9343245538895844e-17,0.0,1,无预警,0.9660005815707675,0.5714285714285714,1.521999863561994,-1.578983857244667e-15,中风险
汕头市,2.4671622769447924e-16,-2.4671622769447924e-16,9.868649107779169e-17,4.9343245538895844e-17,0,无预警,0.725800808311313,0.5686274509803921,1.8453538390752104,2.3684757858670005e-15,中风险
汕尾市,2.590520390792032e-16,3.700743415417188e-17,-4.9343245538895844e-17,-4.9343245538895844e-17,0,无预警,0.6555161238602731,0.3214285714285714,1.681212773277618,7.894919286223335e-16,中风险
江门市,-2.590520390792032e-16,-1.850371707708594e-17,4.9343245538895844e-17,9.868649107779169e-17,1,无预警,0.04767629107667504,-0.019230769230769273,1.357308341737777,-4.736951571734001e-15,中风险
池州市,7.401486830834377e-17,-1.9737298215558337e-16,0.0,4.9343245538895844e-17,1,橙色预警,1.7186844585200491,1.0526315789473686,1.616348532573953,-8.68441121484567e-15,中风险
沧州市,-2.220446049250313e-16,1.9737298215558337e-16,-9.868649107779169e-17,-4.9343245538895844e-17,1,橙色预警,2.060450103336504,1.125,1.7955219035379715,-1.578983857244667e-14,中风险
商丘市,2.4671622769447924e-16,-7.401486830834377e-17,-9.868649107779169e-17,-9.868649107779169e-17,0,橙色预警,2.635674388959123,1.2264150943396226,1.722877955060218,-8.289665250534503e-15,中风险
唐山市,2.4671622769447922e-17,4.9343245538895844e-17,0.0,-7.401486830834377e-17,1,橙色预警,2.110906226702254,1.0454545454545454,1.7952412331608254,3.157967714489334e-15,中风险
哈尔滨市,2.5165055224836883e-15,2.837236618486511e-16,4.9343245538895844e-17,-2.4671622769447924e-16,0,橙色预警,2.2283426057458207,1.2977777777777777,1.850662474321445,-3.157967714489334e-15,中风险
泰安市,-1.7270135938613546e-16,-2.9605947323337506e-16,9.868649107779169e-17,9.868649107779169e-17,1,黄色预警,1.8527485570600586,0.8681318681318682,1.4959709884429306,6.315935428978668e-15,中风险
泰州市,-7.894919286223335e-16,2.590520390792032e-16,-4.9343245538895844e-17,0.0,2,无预警,0.11124499744694649,0.05600000000000005,1.3214126813907519,-7.105427357601002e-15,中风险
咸阳市,1.4802973661668755e-15,7.401486830834377e-17,-4.9343245538895844e-17,-2.220446049250313e-16,0,黄色预警,1.1682533708113163,0.5555555555555556,1.3535381530544486,-1.0658141036401503e-14,中风险
洛阳市,7.154770603139898e-16,-4.9343245538895844e-17,0.0,-9.868649107779169e-17,0,橙色预警,1.834811667986751,1.0239520958083834,1.7228823553813646,0.0,中风险
济南市,4.9343245538895844e-17,-1.4802973661668753e-16,-4.9343245538895844e-17,-4.9343245538895844e-17,1,无预警,0.5115084612611713,0.3737562189054726,1.4698574801268247,-1.0105496686365869e-13,中风险
济宁市,2.9605947323337506e-16,0.0,0.0,-4.9343245538895844e-17,0,橙色预警,1.8879125853243504,1.1369294605809128,1.6716990424342084,6.315935428978668e-15,中风险
海东市,-5.057682667736824e-16,-7.401486830834377e-17,0.0,4.9343245538895844e-17,2,黄色预警,0.7183348570809294,0.5555555555555556,1.862305659799011,-6.315935428978668e-15,中风险
海口市,-1.7270135938613546e-16,0.0,-4.9343245538895844e-17,-2.4671622769447922e-17,1,黄色预警,0.4471446144920934,0.35741206030150763,1.3078998371894184,-3.789561257387201e-14,中风险
淄博市,4.934324553889585e-16,2.4671622769447924e-16,0.0,-7.401486830834377e-17,0,黄色预警,0.37925235500183363,0.31219512195121957,1.5965743237452934,8.881784197001252e-15,中风险
淮北市,-1.9737298215558337e-16,4.9343245538895844e-17,0.0,0.0,1,橙色预警,4.655276832319366,1.48,1.7917952585019008,-7.894919286223336e-15,中风险
七台河市,5.551115123125783e-16,8.635067969306773e-17,-7.401486830834377e-17,-1.4802973661668753e-16,0,无预警,1.2476955406186456,0.5,1.519005395693584,-8.68441121484567e-15,中风险
